"統計年月","縣市","行政區域","售電量度數"
"201501","台北市","北投區八仙里",1103618
"201501","台北市","北投區大同里",1187739
"201501","台北市","北投區大屯里",358190
"201501","台北市","北投區稻香里",1033314
"201501","台北市","北投區東華里",876388
"201501","台北市","北投區豐年里",649627
"201501","台北市","北投區福興里",1256929
"201501","台北市","北投區關渡里",2331777
"201501","台北市","北投區湖山里",590673
"201501","台北市","北投區湖田里",199978
"201501","台北市","北投區吉利里",1012177
"201501","台北市","北投區吉慶里",887611
"201501","台北市","北投區建民里",853833
"201501","台北市","北投區開明里",1240251
"201501","台北市","北投區立農里",1635692
"201501","台北市","北投區立賢里",1030248
"201501","台北市","北投區林泉里",763587
"201501","台北市","北投區奇岩里",2208599
"201501","台北市","北投區清江里",1518217
"201501","台北市","北投區泉源里",639351
"201501","台北市","北投區榮光里",1167189
"201501","台北市","北投區榮華里",1936440
"201501","台北市","北投區石牌里",1349432
"201501","台北市","北投區桃源里",983967
"201501","台北市","北投區溫泉里",1357862
"201501","台北市","北投區文化里",670308
"201501","台北市","北投區文林里",989297
"201501","台北市","北投區秀山里",612873
"201501","台北市","北投區一德里",1528645
"201501","台北市","北投區永和里",2770661
"201501","台北市","北投區永明里",944520
"201501","台北市","北投區永欣里",1806584
"201501","台北市","北投區裕民里",1776204
"201501","台北市","北投區長安里",1196755
"201501","台北市","北投區振華里",1554962
"201501","台北市","北投區智仁里",848322
"201501","台北市","北投區中和里",1280994
"201501","台北市","北投區中心里",1396957
"201501","台北市","北投區中央里",2247558
"201501","台北市","北投區中庸里",603566
"201501","台北市","北投區洲美里",211555
"201501","台北市","北投區尊賢里",748470
"201501","台北市","大安區昌隆里",872891
"201501","台北市","大安區車層里",2092747
"201501","台北市","大安區誠安里",1245517
"201501","台北市","大安區大學里",1839901
"201501","台北市","大安區德安里",1739025
"201501","台北市","大安區敦安里",1910884
"201501","台北市","大安區敦煌里",1715418
"201501","台北市","大安區法治里",1213252
"201501","台北市","大安區芳和里",1261457
"201501","台北市","大安區福住里",1440963
"201501","台北市","大安區古風里",1108861
"201501","台北市","大安區古莊里",2052669
"201501","台北市","大安區光明里",842028
"201501","台北市","大安區光武里",2626707
"201501","台北市","大安區光信里",2327462
"201501","台北市","大安區和安里",1542876
"201501","台北市","大安區虎嘯里",1346141
"201501","台北市","大安區華聲里",1289445
"201501","台北市","大安區建安里",1935083
"201501","台北市","大安區建倫里",2394659
"201501","台北市","大安區錦安里",1392660
"201501","台北市","大安區錦華里",1147314
"201501","台北市","大安區錦泰里",585661
"201501","台北市","大安區黎和里",1039532
"201501","台北市","大安區黎孝里",1687788
"201501","台北市","大安區黎元里",1075133
"201501","台北市","大安區臨江里",1127864
"201501","台北市","大安區龍安里",1485151
"201501","台北市","大安區龍門里",1135072
"201501","台北市","大安區龍坡里",681034
"201501","台北市","大安區龍泉里",1218879
"201501","台北市","大安區龍生里",1450741
"201501","台北市","大安區龍圖里",1797604
"201501","台北市","大安區龍淵里",1775734
"201501","台北市","大安區龍雲里",1392579
"201501","台北市","大安區龍陣里",993239
"201501","台北市","大安區民輝里",2477945
"201501","台北市","大安區民炤里",2433055
"201501","台北市","大安區全安里",1455314
"201501","台北市","大安區群賢里",1774844
"201501","台北市","大安區群英里",1324954
"201501","台北市","大安區仁愛里",2404593
"201501","台北市","大安區仁慈里",1431836
"201501","台北市","大安區通安里",1447518
"201501","台北市","大安區通化里",1753673
"201501","台北市","大安區臥龍里",583266
"201501","台北市","大安區新龍里",1305008
"201501","台北市","大安區學府里",474447
"201501","台北市","大安區義安里",1796398
"201501","台北市","大安區義村里",1405417
"201501","台北市","大安區永康里",1010601
"201501","台北市","大安區正聲里",1523594
"201501","台北市","大安區住安里",1449834
"201501","台北市","大同區保安里",833605
"201501","台北市","大同區朝陽里",1214399
"201501","台北市","大同區大有里",1194971
"201501","台北市","大同區光能里",946596
"201501","台北市","大同區國慶里",1014665
"201501","台北市","大同區國順里",492141
"201501","台北市","大同區建功里",1163995
"201501","台北市","大同區建明里",1421381
"201501","台北市","大同區建泰里",1248099
"201501","台北市","大同區景星里",543573
"201501","台北市","大同區老師里",1017342
"201501","台北市","大同區鄰江里",1158991
"201501","台北市","大同區隆和里",688351
"201501","台北市","大同區民權里",1436761
"201501","台北市","大同區南芳里",883658
"201501","台北市","大同區蓬萊里",1094587
"201501","台北市","大同區雙連里",1818631
"201501","台北市","大同區斯文里",1151046
"201501","台北市","大同區星明里",1515648
"201501","台北市","大同區延平里",1003510
"201501","台北市","大同區揚雅里",740384
"201501","台北市","大同區永樂里",1523452
"201501","台北市","大同區玉泉里",810148
"201501","台北市","大同區至聖里",1791092
"201501","台北市","大同區重慶里",1251427
"201501","台北市","南港區百福里",1006561
"201501","台北市","南港區成福里",1448449
"201501","台北市","南港區東明里",1044966
"201501","台北市","南港區東新里",1273905
"201501","台北市","南港區合成里",1469149
"201501","台北市","南港區鴻福里",903532
"201501","台北市","南港區九如里",1248427
"201501","台北市","南港區舊莊里",1464278
"201501","台北市","南港區聯成里",1007382
"201501","台北市","南港區南港里",2113940
"201501","台北市","南港區仁福里",1083889
"201501","台北市","南港區三重里",1823774
"201501","台北市","南港區萬福里",925806
"201501","台北市","南港區西新里",927170
"201501","台北市","南港區新富里",723621
"201501","台北市","南港區新光里",779187
"201501","台北市","南港區玉成里",1087363
"201501","台北市","南港區中南里",570037
"201501","台北市","南港區中研里",1356428
"201501","台北市","南港區重陽里",1485377
"201501","台北市","內湖區安湖里",1258152
"201501","台北市","內湖區安泰里",1006617
"201501","台北市","內湖區寶湖里",3130308
"201501","台北市","內湖區碧山里",1327040
"201501","台北市","內湖區大湖里",1632085
"201501","台北市","內湖區東湖里",1315444
"201501","台北市","內湖區港都里",1234404
"201501","台北市","內湖區港富里",1979162
"201501","台北市","內湖區港華里",1780965
"201501","台北市","內湖區港墘里",1943857
"201501","台北市","內湖區湖濱里",2118315
"201501","台北市","內湖區湖興里",1674284
"201501","台北市","內湖區湖元里",2605836
"201501","台北市","內湖區葫洲里",1553426
"201501","台北市","內湖區金湖里",3007222
"201501","台北市","內湖區金龍里",1068446
"201501","台北市","內湖區金瑞里",1158408
"201501","台北市","內湖區康寧里",2041206
"201501","台北市","內湖區樂康里",1284536
"201501","台北市","內湖區麗山里",1461322
"201501","台北市","內湖區蘆洲里",244476
"201501","台北市","內湖區明湖里",921420
"201501","台北市","內湖區南湖里",1065586
"201501","台北市","內湖區內溝里",886908
"201501","台北市","內湖區內湖里",1255436
"201501","台北市","內湖區清白里",2302156
"201501","台北市","內湖區瑞光里",915582
"201501","台北市","內湖區瑞陽里",1693091
"201501","台北市","內湖區石潭里",1479390
"201501","台北市","內湖區五分里",1620570
"201501","台北市","內湖區西安里",1456592
"201501","台北市","內湖區西湖里",2118107
"201501","台北市","內湖區西康里",2750694
"201501","台北市","內湖區行善里",1382413
"201501","台北市","內湖區秀湖里",1408012
"201501","台北市","內湖區週美里",2000832
"201501","台北市","內湖區紫星里",1429839
"201501","台北市","內湖區紫陽里",1775483
"201501","台北市","內湖區紫雲里",1068044
"201501","台北市","士林區百齡里",1211400
"201501","台北市","士林區承德里",1693326
"201501","台北市","士林區翠山里",678599
"201501","台北市","士林區德華里",1262159
"201501","台北市","士林區德行里",1179451
"201501","台北市","士林區東山里",1342347
"201501","台北市","士林區福安里",778388
"201501","台北市","士林區福德里",1489107
"201501","台北市","士林區福華里",1107158
"201501","台北市","士林區福佳里",1818969
"201501","台北市","士林區福林里",921006
"201501","台北市","士林區福順里",1095006
"201501","台北市","士林區福志里",1823243
"201501","台北市","士林區福中里",1408067
"201501","台北市","士林區富光里",1067457
"201501","台北市","士林區富洲里",889717
"201501","台北市","士林區公館里",580016
"201501","台北市","士林區後港里",1724139
"201501","台北市","士林區葫東里",810308
"201501","台北市","士林區葫蘆里",1270040
"201501","台北市","士林區菁山里",577119
"201501","台北市","士林區舊佳里",1323013
"201501","台北市","士林區蘭興里",1650570
"201501","台北市","士林區蘭雅里",2193327
"201501","台北市","士林區臨溪里",1417406
"201501","台北市","士林區名山里",1506489
"201501","台北市","士林區明勝里",1055697
"201501","台北市","士林區平等里",421590
"201501","台北市","士林區前港里",948328
"201501","台北市","士林區仁勇里",1129667
"201501","台北市","士林區三玉里",1607134
"201501","台北市","士林區社新里",1584515
"201501","台北市","士林區社園里",1253073
"201501","台北市","士林區社子里",1159515
"201501","台北市","士林區聖山里",1201649
"201501","台北市","士林區天福里",1496258
"201501","台北市","士林區天和里",1969250
"201501","台北市","士林區天祿里",1398952
"201501","台北市","士林區天母里",2632494
"201501","台北市","士林區天山里",2001510
"201501","台北市","士林區天壽里",1758056
"201501","台北市","士林區天玉里",2581124
"201501","台北市","士林區溪山里",452506
"201501","台北市","士林區新安里",1023397
"201501","台北市","士林區岩山里",893386
"201501","台北市","士林區陽明里",2845273
"201501","台北市","士林區義信里",1058403
"201501","台北市","士林區永福里",973792
"201501","台北市","士林區永倫里",1375358
"201501","台北市","士林區芝山里",2149664
"201501","台北市","士林區忠誠里",1453533
"201501","台北市","松山區安平里",2185369
"201501","台北市","松山區慈祐里",2010450
"201501","台北市","松山區東昌里",535503
"201501","台北市","松山區東光里",1782257
"201501","台北市","松山區東榮里",1815586
"201501","台北市","松山區東勢里",1104521
"201501","台北市","松山區敦化里",1681525
"201501","台北市","松山區福成里",610413
"201501","台北市","松山區富錦里",1083310
"201501","台北市","松山區富泰里",971904
"201501","台北市","松山區復建里",1000427
"201501","台北市","松山區復盛里",1474904
"201501","台北市","松山區復勢里",1579782
"201501","台北市","松山區復源里",688740
"201501","台北市","松山區吉仁里",897077
"201501","台北市","松山區吉祥里",2377570
"201501","台北市","松山區介壽里",888805
"201501","台北市","松山區精忠里",987802
"201501","台北市","松山區龍田里",1930932
"201501","台北市","松山區美仁里",773025
"201501","台北市","松山區民福里",1567684
"201501","台北市","松山區民有里",2763988
"201501","台北市","松山區鵬程里",1126315
"201501","台北市","松山區三民里",1542956
"201501","台北市","松山區松基里",1538075
"201501","台北市","松山區新東里",1123529
"201501","台北市","松山區新聚里",2138578
"201501","台北市","松山區新益里",1031264
"201501","台北市","松山區中華里",1686818
"201501","台北市","松山區中崙里",991569
"201501","台北市","松山區中正里",2683414
"201501","台北市","松山區莊敬里",1024431
"201501","台北市","松山區自強里",1899832
"201501","台北市","萬華區保德里",697640
"201501","台北市","萬華區菜園里",1364284
"201501","台北市","萬華區頂碩里",1479500
"201501","台北市","萬華區福星里",1509980
"201501","台北市","萬華區福音里",854956
"201501","台北市","萬華區富福里",1074958
"201501","台北市","萬華區富民里",1347223
"201501","台北市","萬華區和德里",1337414
"201501","台北市","萬華區和平里",1293445
"201501","台北市","萬華區華江里",1666396
"201501","台北市","萬華區華中里",1297979
"201501","台北市","萬華區錦德里",1181763
"201501","台北市","萬華區凌霄里",696253
"201501","台北市","萬華區柳鄉里",1080784
"201501","台北市","萬華區綠堤里",777920
"201501","台北市","萬華區銘德里",909364
"201501","台北市","萬華區青山里",1813680
"201501","台北市","萬華區全德里",820200
"201501","台北市","萬華區仁德里",1345948
"201501","台北市","萬華區日善里",755137
"201501","台北市","萬華區日祥里",1090456
"201501","台北市","萬華區榮德里",784314
"201501","台北市","萬華區壽德里",989951
"201501","台北市","萬華區雙園里",919430
"201501","台北市","萬華區糖廍里",1285134
"201501","台北市","萬華區騰雲里",587926
"201501","台北市","萬華區萬壽里",1231936
"201501","台北市","萬華區西門里",1370408
"201501","台北市","萬華區孝德里",692622
"201501","台北市","萬華區新安里",977698
"201501","台北市","萬華區新和里",1532356
"201501","台北市","萬華區新起里",2033255
"201501","台北市","萬華區新忠里",635322
"201501","台北市","萬華區興德里",953043
"201501","台北市","萬華區忠德里",853875
"201501","台北市","萬華區忠貞里",842210
"201501","台北市","文山區博嘉里",1350076
"201501","台北市","文山區華興里",2181794
"201501","台北市","文山區景東里",1203495
"201501","台北市","文山區景華里",1100613
"201501","台北市","文山區景美里",728758
"201501","台北市","文山區景慶里",811853
"201501","台北市","文山區景仁里",853665
"201501","台北市","文山區景行里",1530452
"201501","台北市","文山區老泉里",172297
"201501","台北市","文山區明興里",1386764
"201501","台北市","文山區明義里",809718
"201501","台北市","文山區木柵里",2090574
"201501","台北市","文山區木新里",1869061
"201501","台北市","文山區試院里",1536446
"201501","台北市","文山區順興里",1403029
"201501","台北市","文山區萬芳里",1917232
"201501","台北市","文山區萬和里",784671
"201501","台北市","文山區萬隆里",1256151
"201501","台北市","文山區萬美里",1757550
"201501","台北市","文山區萬年里",984284
"201501","台北市","文山區萬盛里",1147809
"201501","台北市","文山區萬祥里",935523
"201501","台北市","文山區萬興里",2027564
"201501","台北市","文山區萬有里",1067969
"201501","台北市","文山區興安里",1433417
"201501","台北市","文山區興邦里",976740
"201501","台北市","文山區興昌里",1674187
"201501","台北市","文山區興得里",1290293
"201501","台北市","文山區興豐里",1031383
"201501","台北市","文山區興福里",958418
"201501","台北市","文山區興光里",939295
"201501","台北市","文山區興家里",1443355
"201501","台北市","文山區興泰里",1018979
"201501","台北市","文山區興旺里",1658689
"201501","台北市","文山區興業里",1202441
"201501","台北市","文山區樟腳里",1172587
"201501","台北市","文山區樟林里",1057166
"201501","台北市","文山區樟樹里",913934
"201501","台北市","文山區樟文里",1150323
"201501","台北市","文山區樟新里",1135140
"201501","台北市","文山區政大里",2194730
"201501","台北市","文山區指南里",1021722
"201501","台北市","文山區忠順里",996454
"201501","台北市","信義區安康里",4009137
"201501","台北市","信義區大道里",1443847
"201501","台北市","信義區大仁里",813598
"201501","台北市","信義區敦厚里",1223377
"201501","台北市","信義區富台里",1009594
"201501","台北市","信義區廣居里",1779130
"201501","台北市","信義區國業里",1609156
"201501","台北市","信義區惠安里",1490779
"201501","台北市","信義區嘉興里",813257
"201501","台北市","信義區景聯里",1245157
"201501","台北市","信義區景勤里",909991
"201501","台北市","信義區景新里",1750136
"201501","台北市","信義區黎安里",218924
"201501","台北市","信義區黎平里",1868716
"201501","台北市","信義區黎順里",1164804
"201501","台北市","信義區黎忠里",1052503
"201501","台北市","信義區六合里",2014844
"201501","台北市","信義區六藝里",763118
"201501","台北市","信義區三犁里",1806545
"201501","台北市","信義區三張里",2458093
"201501","台北市","信義區雙和里",1711110
"201501","台北市","信義區四維里",1057741
"201501","台北市","信義區四育里",1246788
"201501","台北市","信義區松光里",1162989
"201501","台北市","信義區松隆里",480040
"201501","台北市","信義區松友里",1272952
"201501","台北市","信義區泰和里",1894418
"201501","台北市","信義區五常里",891281
"201501","台北市","信義區五全里",1076808
"201501","台北市","信義區西村里",843398
"201501","台北市","信義區新仁里",1048961
"201501","台北市","信義區興隆里",824678
"201501","台北市","信義區興雅里",1455703
"201501","台北市","信義區雅祥里",1002380
"201501","台北市","信義區永春里",1221853
"201501","台北市","信義區永吉里",999639
"201501","台北市","信義區長春里",1146360
"201501","台北市","信義區正和里",1140826
"201501","台北市","信義區中坡里",964284
"201501","台北市","信義區中行里",1569242
"201501","台北市","信義區中興里",1365348
"201501","台北市","中山區北安里",539444
"201501","台北市","中山區成功里",3015668
"201501","台北市","中山區大佳里",198933
"201501","台北市","中山區大直里",2328258
"201501","台北市","中山區復華里",1749124
"201501","台北市","中山區恆安里",1928094
"201501","台北市","中山區集英里",2203211
"201501","台北市","中山區劍潭里",851942
"201501","台北市","中山區江寧里",1811069
"201501","台北市","中山區江山里",1971434
"201501","台北市","中山區金泰里",2680355
"201501","台北市","中山區聚盛里",1694541
"201501","台北市","中山區聚葉里",1398834
"201501","台北市","中山區康樂里",1178915
"201501","台北市","中山區力行里",2288378
"201501","台北市","中山區龍洲里",976082
"201501","台北市","中山區民安里",1742275
"201501","台北市","中山區埤頭里",926102
"201501","台北市","中山區晴光里",2098561
"201501","台北市","中山區松江里",1910812
"201501","台北市","中山區下埤里",1840644
"201501","台北市","中山區新福里",1472440
"201501","台北市","中山區新生里",1635454
"201501","台北市","中山區新喜里",1246237
"201501","台北市","中山區新庄里",1210475
"201501","台北市","中山區行仁里",1747511
"201501","台北市","中山區行孝里",908125
"201501","台北市","中山區行政里",1534399
"201501","台北市","中山區興亞里",2002602
"201501","台北市","中山區永安里",2387105
"201501","台北市","中山區圓山里",1330907
"201501","台北市","中山區正得里",1678589
"201501","台北市","中山區正守里",922112
"201501","台北市","中山區正義里",2280561
"201501","台北市","中山區中吉里",1717045
"201501","台北市","中山區中山里",2594582
"201501","台北市","中山區中央里",1191283
"201501","台北市","中山區中原里",1448451
"201501","台北市","中山區中庄里",1681667
"201501","台北市","中山區朱馥里",1462705
"201501","台北市","中山區朱崙里",980870
"201501","台北市","中山區朱園里",1957247
"201501","台北市","中正區愛國里",623163
"201501","台北市","中正區板溪里",1027022
"201501","台北市","中正區頂東里",1562580
"201501","台北市","中正區東門里",849330
"201501","台北市","中正區富水里",441704
"201501","台北市","中正區光復里",1859626
"201501","台北市","中正區河堤里",1217494
"201501","台北市","中正區建國里",337685
"201501","台北市","中正區黎明里",2080172
"201501","台北市","中正區林興里",1051804
"201501","台北市","中正區龍福里",1062392
"201501","台北市","中正區龍光里",593677
"201501","台北市","中正區龍興里",527358
"201501","台北市","中正區梅花里",1453457
"201501","台北市","中正區南福里",2252054
"201501","台北市","中正區南門里",591494
"201501","台北市","中正區三愛里",2350712
"201501","台北市","中正區廈安里",695239
"201501","台北市","中正區水源里",1023663
"201501","台北市","中正區網溪里",1261275
"201501","台北市","中正區文北里",1810984
"201501","台北市","中正區文盛里",801247
"201501","台北市","中正區文祥里",1527167
"201501","台北市","中正區新營里",1778919
"201501","台北市","中正區幸福里",1507888
"201501","台北市","中正區幸市里",1757045
"201501","台北市","中正區螢圃里",1274498
"201501","台北市","中正區螢雪里",974978
"201501","台北市","中正區永昌里",982464
"201501","台北市","中正區永功里",1125892
"201501","台北市","中正區忠勤里",1191370
"201503","台北市","北投區八仙里",1114815
"201503","台北市","北投區大同里",1235302
"201503","台北市","北投區大屯里",355744
"201503","台北市","北投區稻香里",1068920
"201503","台北市","北投區東華里",879769
"201503","台北市","北投區豐年里",693651
"201503","台北市","北投區福興里",1293669
"201503","台北市","北投區關渡里",2283237
"201503","台北市","北投區湖山里",592481
"201503","台北市","北投區湖田里",206675
"201503","台北市","北投區吉利里",1056813
"201503","台北市","北投區吉慶里",921524
"201503","台北市","北投區建民里",908552
"201503","台北市","北投區開明里",1394832
"201503","台北市","北投區立農里",1650956
"201503","台北市","北投區立賢里",1067971
"201503","台北市","北投區林泉里",737995
"201503","台北市","北投區奇岩里",2175750
"201503","台北市","北投區清江里",1576273
"201503","台北市","北投區泉源里",656595
"201503","台北市","北投區榮光里",1243142
"201503","台北市","北投區榮華里",1918868
"201503","台北市","北投區石牌里",1406802
"201503","台北市","北投區桃源里",1005968
"201503","台北市","北投區溫泉里",1297065
"201503","台北市","北投區文化里",716434
"201503","台北市","北投區文林里",1041521
"201503","台北市","北投區秀山里",638654
"201503","台北市","北投區一德里",1532771
"201503","台北市","北投區永和里",2598714
"201503","台北市","北投區永明里",959338
"201503","台北市","北投區永欣里",1725125
"201503","台北市","北投區裕民里",1763594
"201503","台北市","北投區長安里",1171260
"201503","台北市","北投區振華里",1566275
"201503","台北市","北投區智仁里",854465
"201503","台北市","北投區中和里",1251184
"201503","台北市","北投區中心里",1413404
"201503","台北市","北投區中央里",2280838
"201503","台北市","北投區中庸里",566641
"201503","台北市","北投區洲美里",222713
"201503","台北市","北投區尊賢里",785952
"201503","台北市","大安區昌隆里",864712
"201503","台北市","大安區車層里",1929428
"201503","台北市","大安區誠安里",1236221
"201503","台北市","大安區大學里",1844637
"201503","台北市","大安區德安里",1740527
"201503","台北市","大安區敦安里",1879231
"201503","台北市","大安區敦煌里",1683945
"201503","台北市","大安區法治里",1132699
"201503","台北市","大安區芳和里",1261291
"201503","台北市","大安區福住里",1351724
"201503","台北市","大安區古風里",1059670
"201503","台北市","大安區古莊里",1871742
"201503","台北市","大安區光明里",881773
"201503","台北市","大安區光武里",2407400
"201503","台北市","大安區光信里",2280987
"201503","台北市","大安區和安里",1587432
"201503","台北市","大安區虎嘯里",1336990
"201503","台北市","大安區華聲里",1255521
"201503","台北市","大安區建安里",1786363
"201503","台北市","大安區建倫里",2229511
"201503","台北市","大安區錦安里",1436832
"201503","台北市","大安區錦華里",1152096
"201503","台北市","大安區錦泰里",591325
"201503","台北市","大安區黎和里",997678
"201503","台北市","大安區黎孝里",1673623
"201503","台北市","大安區黎元里",1057838
"201503","台北市","大安區臨江里",1089311
"201503","台北市","大安區龍安里",1501260
"201503","台北市","大安區龍門里",1065942
"201503","台北市","大安區龍坡里",687761
"201503","台北市","大安區龍泉里",1137652
"201503","台北市","大安區龍生里",1377883
"201503","台北市","大安區龍圖里",1720040
"201503","台北市","大安區龍淵里",1664339
"201503","台北市","大安區龍雲里",1391916
"201503","台北市","大安區龍陣里",932470
"201503","台北市","大安區民輝里",2407651
"201503","台北市","大安區民炤里",2497597
"201503","台北市","大安區全安里",1370844
"201503","台北市","大安區群賢里",1762821
"201503","台北市","大安區群英里",1300158
"201503","台北市","大安區仁愛里",2430581
"201503","台北市","大安區仁慈里",1451252
"201503","台北市","大安區通安里",1363222
"201503","台北市","大安區通化里",1693316
"201503","台北市","大安區臥龍里",531172
"201503","台北市","大安區新龍里",1241641
"201503","台北市","大安區學府里",466518
"201503","台北市","大安區義安里",1736732
"201503","台北市","大安區義村里",1372526
"201503","台北市","大安區永康里",1044050
"201503","台北市","大安區正聲里",1516198
"201503","台北市","大安區住安里",1418983
"201503","台北市","大同區保安里",907934
"201503","台北市","大同區朝陽里",1185362
"201503","台北市","大同區大有里",1264433
"201503","台北市","大同區光能里",924853
"201503","台北市","大同區國慶里",1094566
"201503","台北市","大同區國順里",510660
"201503","台北市","大同區建功里",1152575
"201503","台北市","大同區建明里",1365899
"201503","台北市","大同區建泰里",1200485
"201503","台北市","大同區景星里",579528
"201503","台北市","大同區老師里",1122000
"201503","台北市","大同區鄰江里",1285881
"201503","台北市","大同區隆和里",712165
"201503","台北市","大同區民權里",1588235
"201503","台北市","大同區南芳里",921574
"201503","台北市","大同區蓬萊里",1105081
"201503","台北市","大同區雙連里",1962302
"201503","台北市","大同區斯文里",1178838
"201503","台北市","大同區星明里",1462923
"201503","台北市","大同區延平里",1045821
"201503","台北市","大同區揚雅里",761527
"201503","台北市","大同區永樂里",1520300
"201503","台北市","大同區玉泉里",788634
"201503","台北市","大同區至聖里",1905618
"201503","台北市","大同區重慶里",1422792
"201503","台北市","南港區百福里",976397
"201503","台北市","南港區成福里",1385117
"201503","台北市","南港區東明里",1157100
"201503","台北市","南港區東新里",1396443
"201503","台北市","南港區合成里",1410956
"201503","台北市","南港區鴻福里",851434
"201503","台北市","南港區九如里",1285536
"201503","台北市","南港區舊莊里",1468478
"201503","台北市","南港區聯成里",995882
"201503","台北市","南港區南港里",2082543
"201503","台北市","南港區仁福里",1106961
"201503","台北市","南港區三重里",1823829
"201503","台北市","南港區萬福里",869553
"201503","台北市","南港區西新里",983005
"201503","台北市","南港區新富里",709555
"201503","台北市","南港區新光里",787746
"201503","台北市","南港區玉成里",1144777
"201503","台北市","南港區中南里",573478
"201503","台北市","南港區中研里",1404047
"201503","台北市","南港區重陽里",1461506
"201503","台北市","內湖區安湖里",1274272
"201503","台北市","內湖區安泰里",968862
"201503","台北市","內湖區寶湖里",3011336
"201503","台北市","內湖區碧山里",1366471
"201503","台北市","內湖區大湖里",1644851
"201503","台北市","內湖區東湖里",1334866
"201503","台北市","內湖區港都里",1134575
"201503","台北市","內湖區港富里",1935229
"201503","台北市","內湖區港華里",1665668
"201503","台北市","內湖區港墘里",1844440
"201503","台北市","內湖區湖濱里",2127909
"201503","台北市","內湖區湖興里",1701490
"201503","台北市","內湖區湖元里",2565311
"201503","台北市","內湖區葫洲里",1482235
"201503","台北市","內湖區金湖里",2903163
"201503","台北市","內湖區金龍里",1094746
"201503","台北市","內湖區金瑞里",1141988
"201503","台北市","內湖區康寧里",2095321
"201503","台北市","內湖區樂康里",1318536
"201503","台北市","內湖區麗山里",1350690
"201503","台北市","內湖區蘆洲里",247792
"201503","台北市","內湖區明湖里",958970
"201503","台北市","內湖區南湖里",998437
"201503","台北市","內湖區內溝里",867498
"201503","台北市","內湖區內湖里",1261172
"201503","台北市","內湖區清白里",2159531
"201503","台北市","內湖區瑞光里",875593
"201503","台北市","內湖區瑞陽里",1622978
"201503","台北市","內湖區石潭里",1519728
"201503","台北市","內湖區五分里",1625300
"201503","台北市","內湖區西安里",1384053
"201503","台北市","內湖區西湖里",2053200
"201503","台北市","內湖區西康里",2678205
"201503","台北市","內湖區行善里",1507546
"201503","台北市","內湖區秀湖里",1379563
"201503","台北市","內湖區週美里",2223500
"201503","台北市","內湖區紫星里",1436477
"201503","台北市","內湖區紫陽里",1714596
"201503","台北市","內湖區紫雲里",1044564
"201503","台北市","士林區百齡里",1137403
"201503","台北市","士林區承德里",1588736
"201503","台北市","士林區翠山里",642881
"201503","台北市","士林區德華里",1288337
"201503","台北市","士林區德行里",1192019
"201503","台北市","士林區東山里",1330166
"201503","台北市","士林區福安里",827443
"201503","台北市","士林區福德里",1417623
"201503","台北市","士林區福華里",1033013
"201503","台北市","士林區福佳里",1717385
"201503","台北市","士林區福林里",873985
"201503","台北市","士林區福順里",1028741
"201503","台北市","士林區福志里",1706620
"201503","台北市","士林區福中里",1367913
"201503","台北市","士林區富光里",1038872
"201503","台北市","士林區富洲里",988549
"201503","台北市","士林區公館里",547962
"201503","台北市","士林區後港里",1630337
"201503","台北市","士林區葫東里",764994
"201503","台北市","士林區葫蘆里",1409101
"201503","台北市","士林區菁山里",548717
"201503","台北市","士林區舊佳里",1223819
"201503","台北市","士林區蘭興里",1716906
"201503","台北市","士林區蘭雅里",2089940
"201503","台北市","士林區臨溪里",1311447
"201503","台北市","士林區名山里",1533107
"201503","台北市","士林區明勝里",991157
"201503","台北市","士林區平等里",393674
"201503","台北市","士林區前港里",901974
"201503","台北市","士林區仁勇里",1086027
"201503","台北市","士林區三玉里",1523261
"201503","台北市","士林區社新里",1679027
"201503","台北市","士林區社園里",1324139
"201503","台北市","士林區社子里",1222976
"201503","台北市","士林區聖山里",1128167
"201503","台北市","士林區天福里",1557880
"201503","台北市","士林區天和里",1889376
"201503","台北市","士林區天祿里",1436361
"201503","台北市","士林區天母里",2606372
"201503","台北市","士林區天山里",2030525
"201503","台北市","士林區天壽里",1658279
"201503","台北市","士林區天玉里",2538170
"201503","台北市","士林區溪山里",424517
"201503","台北市","士林區新安里",923326
"201503","台北市","士林區岩山里",872433
"201503","台北市","士林區陽明里",2230861
"201503","台北市","士林區義信里",988503
"201503","台北市","士林區永福里",890773
"201503","台北市","士林區永倫里",1452360
"201503","台北市","士林區芝山里",2037173
"201503","台北市","士林區忠誠里",1466834
"201503","台北市","松山區安平里",2236698
"201503","台北市","松山區慈祐里",2046950
"201503","台北市","松山區東昌里",572230
"201503","台北市","松山區東光里",1751150
"201503","台北市","松山區東榮里",1991437
"201503","台北市","松山區東勢里",1094267
"201503","台北市","松山區敦化里",1553670
"201503","台北市","松山區福成里",619571
"201503","台北市","松山區富錦里",1152516
"201503","台北市","松山區富泰里",987126
"201503","台北市","松山區復建里",920580
"201503","台北市","松山區復盛里",1481738
"201503","台北市","松山區復勢里",1626346
"201503","台北市","松山區復源里",644623
"201503","台北市","松山區吉仁里",834347
"201503","台北市","松山區吉祥里",2439403
"201503","台北市","松山區介壽里",902789
"201503","台北市","松山區精忠里",1021853
"201503","台北市","松山區龍田里",1958661
"201503","台北市","松山區美仁里",730660
"201503","台北市","松山區民福里",1665070
"201503","台北市","松山區民有里",2940708
"201503","台北市","松山區鵬程里",1151970
"201503","台北市","松山區三民里",1618181
"201503","台北市","松山區松基里",1556738
"201503","台北市","松山區新東里",1162916
"201503","台北市","松山區新聚里",2241209
"201503","台北市","松山區新益里",1053063
"201503","台北市","松山區中華里",1747218
"201503","台北市","松山區中崙里",1011205
"201503","台北市","松山區中正里",2642024
"201503","台北市","松山區莊敬里",1059184
"201503","台北市","松山區自強里",1871337
"201503","台北市","萬華區保德里",735073
"201503","台北市","萬華區菜園里",1342164
"201503","台北市","萬華區頂碩里",1462242
"201503","台北市","萬華區福星里",1589093
"201503","台北市","萬華區福音里",863347
"201503","台北市","萬華區富福里",1010926
"201503","台北市","萬華區富民里",1403683
"201503","台北市","萬華區和德里",1435564
"201503","台北市","萬華區和平里",1392088
"201503","台北市","萬華區華江里",1591727
"201503","台北市","萬華區華中里",1374056
"201503","台北市","萬華區錦德里",1152261
"201503","台北市","萬華區凌霄里",662164
"201503","台北市","萬華區柳鄉里",1039464
"201503","台北市","萬華區綠堤里",725205
"201503","台北市","萬華區銘德里",962557
"201503","台北市","萬華區青山里",1825952
"201503","台北市","萬華區全德里",845871
"201503","台北市","萬華區仁德里",1340177
"201503","台北市","萬華區日善里",779191
"201503","台北市","萬華區日祥里",1126827
"201503","台北市","萬華區榮德里",821630
"201503","台北市","萬華區壽德里",1020565
"201503","台北市","萬華區雙園里",920711
"201503","台北市","萬華區糖廍里",1216634
"201503","台北市","萬華區騰雲里",550774
"201503","台北市","萬華區萬壽里",1152607
"201503","台北市","萬華區西門里",1325267
"201503","台北市","萬華區孝德里",710251
"201503","台北市","萬華區新安里",946093
"201503","台北市","萬華區新和里",1489626
"201503","台北市","萬華區新起里",2082385
"201503","台北市","萬華區新忠里",608424
"201503","台北市","萬華區興德里",1007311
"201503","台北市","萬華區忠德里",814067
"201503","台北市","萬華區忠貞里",822593
"201503","台北市","文山區博嘉里",1326553
"201503","台北市","文山區華興里",2297032
"201503","台北市","文山區景東里",1219439
"201503","台北市","文山區景華里",1061493
"201503","台北市","文山區景美里",756660
"201503","台北市","文山區景慶里",826408
"201503","台北市","文山區景仁里",818405
"201503","台北市","文山區景行里",1553677
"201503","台北市","文山區老泉里",186528
"201503","台北市","文山區明興里",1313088
"201503","台北市","文山區明義里",816437
"201503","台北市","文山區木柵里",2109962
"201503","台北市","文山區木新里",1771162
"201503","台北市","文山區試院里",1622104
"201503","台北市","文山區順興里",1343122
"201503","台北市","文山區萬芳里",1836427
"201503","台北市","文山區萬和里",776443
"201503","台北市","文山區萬隆里",1199046
"201503","台北市","文山區萬美里",1698487
"201503","台北市","文山區萬年里",989423
"201503","台北市","文山區萬盛里",1130952
"201503","台北市","文山區萬祥里",969636
"201503","台北市","文山區萬興里",1917932
"201503","台北市","文山區萬有里",1061291
"201503","台北市","文山區興安里",1469619
"201503","台北市","文山區興邦里",975710
"201503","台北市","文山區興昌里",1587290
"201503","台北市","文山區興得里",1329534
"201503","台北市","文山區興豐里",1038838
"201503","台北市","文山區興福里",1016338
"201503","台北市","文山區興光里",938465
"201503","台北市","文山區興家里",1369529
"201503","台北市","文山區興泰里",992395
"201503","台北市","文山區興旺里",1639003
"201503","台北市","文山區興業里",1258699
"201503","台北市","文山區樟腳里",1125235
"201503","台北市","文山區樟林里",1158996
"201503","台北市","文山區樟樹里",877621
"201503","台北市","文山區樟文里",1281721
"201503","台北市","文山區樟新里",1088807
"201503","台北市","文山區政大里",2067490
"201503","台北市","文山區指南里",922546
"201503","台北市","文山區忠順里",990782
"201503","台北市","信義區安康里",3745850
"201503","台北市","信義區大道里",1400168
"201503","台北市","信義區大仁里",807440
"201503","台北市","信義區敦厚里",1275991
"201503","台北市","信義區富台里",1064008
"201503","台北市","信義區廣居里",1684618
"201503","台北市","信義區國業里",1525933
"201503","台北市","信義區惠安里",1483489
"201503","台北市","信義區嘉興里",774086
"201503","台北市","信義區景聯里",1181561
"201503","台北市","信義區景勤里",863360
"201503","台北市","信義區景新里",1735056
"201503","台北市","信義區黎安里",211904
"201503","台北市","信義區黎平里",1757135
"201503","台北市","信義區黎順里",1086080
"201503","台北市","信義區黎忠里",999950
"201503","台北市","信義區六合里",1915765
"201503","台北市","信義區六藝里",820318
"201503","台北市","信義區三犁里",1714742
"201503","台北市","信義區三張里",2405338
"201503","台北市","信義區雙和里",1607323
"201503","台北市","信義區四維里",1087922
"201503","台北市","信義區四育里",1206110
"201503","台北市","信義區松光里",1127190
"201503","台北市","信義區松隆里",457485
"201503","台北市","信義區松友里",1205376
"201503","台北市","信義區泰和里",1842569
"201503","台北市","信義區五常里",910941
"201503","台北市","信義區五全里",1162271
"201503","台北市","信義區西村里",820446
"201503","台北市","信義區新仁里",1010439
"201503","台北市","信義區興隆里",820056
"201503","台北市","信義區興雅里",1471177
"201503","台北市","信義區雅祥里",1053072
"201503","台北市","信義區永春里",1138166
"201503","台北市","信義區永吉里",967509
"201503","台北市","信義區長春里",1182332
"201503","台北市","信義區正和里",1119525
"201503","台北市","信義區中坡里",928356
"201503","台北市","信義區中行里",1503810
"201503","台北市","信義區中興里",1311703
"201503","台北市","中山區北安里",530229
"201503","台北市","中山區成功里",2864586
"201503","台北市","中山區大佳里",185616
"201503","台北市","中山區大直里",2168547
"201503","台北市","中山區復華里",1656416
"201503","台北市","中山區恆安里",1988875
"201503","台北市","中山區集英里",2193331
"201503","台北市","中山區劍潭里",827133
"201503","台北市","中山區江寧里",1885679
"201503","台北市","中山區江山里",2041215
"201503","台北市","中山區金泰里",2523116
"201503","台北市","中山區聚盛里",1744551
"201503","台北市","中山區聚葉里",1309039
"201503","台北市","中山區康樂里",1090902
"201503","台北市","中山區力行里",2214251
"201503","台北市","中山區龍洲里",989076
"201503","台北市","中山區民安里",1708547
"201503","台北市","中山區埤頭里",890407
"201503","台北市","中山區晴光里",2190785
"201503","台北市","中山區松江里",1928673
"201503","台北市","中山區下埤里",1780480
"201503","台北市","中山區新福里",1456558
"201503","台北市","中山區新生里",1555700
"201503","台北市","中山區新喜里",1199916
"201503","台北市","中山區新庄里",1233210
"201503","台北市","中山區行仁里",1729437
"201503","台北市","中山區行孝里",866191
"201503","台北市","中山區行政里",1459905
"201503","台北市","中山區興亞里",2027722
"201503","台北市","中山區永安里",2302888
"201503","台北市","中山區圓山里",1266138
"201503","台北市","中山區正得里",1665283
"201503","台北市","中山區正守里",891930
"201503","台北市","中山區正義里",2118934
"201503","台北市","中山區中吉里",1829836
"201503","台北市","中山區中山里",2467595
"201503","台北市","中山區中央里",1160664
"201503","台北市","中山區中原里",1551291
"201503","台北市","中山區中庄里",1679702
"201503","台北市","中山區朱馥里",1539576
"201503","台北市","中山區朱崙里",884538
"201503","台北市","中山區朱園里",1958096
"201503","台北市","中正區愛國里",587861
"201503","台北市","中正區板溪里",1003449
"201503","台北市","中正區頂東里",1435779
"201503","台北市","中正區東門里",882658
"201503","台北市","中正區富水里",436725
"201503","台北市","中正區光復里",1813392
"201503","台北市","中正區河堤里",1141523
"201503","台北市","中正區建國里",310776
"201503","台北市","中正區黎明里",1821585
"201503","台北市","中正區林興里",1078544
"201503","台北市","中正區龍福里",1112444
"201503","台北市","中正區龍光里",613424
"201503","台北市","中正區龍興里",552368
"201503","台北市","中正區梅花里",1359217
"201503","台北市","中正區南福里",2297424
"201503","台北市","中正區南門里",552868
"201503","台北市","中正區三愛里",2253598
"201503","台北市","中正區廈安里",681203
"201503","台北市","中正區水源里",1023027
"201503","台北市","中正區網溪里",1277192
"201503","台北市","中正區文北里",1792774
"201503","台北市","中正區文盛里",807656
"201503","台北市","中正區文祥里",1482884
"201503","台北市","中正區新營里",1734421
"201503","台北市","中正區幸福里",1578321
"201503","台北市","中正區幸市里",1773661
"201503","台北市","中正區螢圃里",1258209
"201503","台北市","中正區螢雪里",975098
"201503","台北市","中正區永昌里",1039028
"201503","台北市","中正區永功里",1180998
"201503","台北市","中正區忠勤里",1144384
"201505","台北市","北投區八仙里",1340809
"201505","台北市","北投區大同里",1416803
"201505","台北市","北投區大屯里",358605
"201505","台北市","北投區稻香里",1103073
"201505","台北市","北投區東華里",1057284
"201505","台北市","北投區豐年里",794242
"201505","台北市","北投區福興里",1503324
"201505","台北市","北投區關渡里",2500373
"201505","台北市","北投區湖山里",538334
"201505","台北市","北投區湖田里",204373
"201505","台北市","北投區吉利里",1372985
"201505","台北市","北投區吉慶里",1190402
"201505","台北市","北投區建民里",1026680
"201505","台北市","北投區開明里",1337842
"201505","台北市","北投區立農里",2058633
"201505","台北市","北投區立賢里",1368024
"201505","台北市","北投區林泉里",754382
"201505","台北市","北投區奇岩里",2248382
"201505","台北市","北投區清江里",1736891
"201505","台北市","北投區泉源里",634890
"201505","台北市","北投區榮光里",1464123
"201505","台北市","北投區榮華里",2179816
"201505","台北市","北投區石牌里",1654877
"201505","台北市","北投區桃源里",1057337
"201505","台北市","北投區溫泉里",1368105
"201505","台北市","北投區文化里",707200
"201505","台北市","北投區文林里",1206602
"201505","台北市","北投區秀山里",699607
"201505","台北市","北投區一德里",1654022
"201505","台北市","北投區永和里",2826413
"201505","台北市","北投區永明里",1243840
"201505","台北市","北投區永欣里",2053038
"201505","台北市","北投區裕民里",2045973
"201505","台北市","北投區長安里",1246950
"201505","台北市","北投區振華里",1836816
"201505","台北市","北投區智仁里",879150
"201505","台北市","北投區中和里",1335761
"201505","台北市","北投區中心里",1392903
"201505","台北市","北投區中央里",2641365
"201505","台北市","北投區中庸里",629928
"201505","台北市","北投區洲美里",228695
"201505","台北市","北投區尊賢里",1032173
"201505","台北市","大安區昌隆里",884384
"201505","台北市","大安區車層里",2209537
"201505","台北市","大安區誠安里",1459530
"201505","台北市","大安區大學里",2131641
"201505","台北市","大安區德安里",2095142
"201505","台北市","大安區敦安里",2018447
"201505","台北市","大安區敦煌里",1775790
"201505","台北市","大安區法治里",1177247
"201505","台北市","大安區芳和里",1401459
"201505","台北市","大安區福住里",1435310
"201505","台北市","大安區古風里",1130591
"201505","台北市","大安區古莊里",2043876
"201505","台北市","大安區光明里",1008796
"201505","台北市","大安區光武里",2796495
"201505","台北市","大安區光信里",2650844
"201505","台北市","大安區和安里",1801392
"201505","台北市","大安區虎嘯里",1538860
"201505","台北市","大安區華聲里",1599459
"201505","台北市","大安區建安里",2093290
"201505","台北市","大安區建倫里",2593032
"201505","台北市","大安區錦安里",1496227
"201505","台北市","大安區錦華里",1204401
"201505","台北市","大安區錦泰里",572454
"201505","台北市","大安區黎和里",1088821
"201505","台北市","大安區黎孝里",1887533
"201505","台北市","大安區黎元里",1160017
"201505","台北市","大安區臨江里",1136947
"201505","台北市","大安區龍安里",1676631
"201505","台北市","大安區龍門里",1122774
"201505","台北市","大安區龍坡里",767578
"201505","台北市","大安區龍泉里",1230701
"201505","台北市","大安區龍生里",1456132
"201505","台北市","大安區龍圖里",1801859
"201505","台北市","大安區龍淵里",1767911
"201505","台北市","大安區龍雲里",1620019
"201505","台北市","大安區龍陣里",1000733
"201505","台北市","大安區民輝里",2584157
"201505","台北市","大安區民炤里",2792081
"201505","台北市","大安區全安里",1435227
"201505","台北市","大安區群賢里",2095869
"201505","台北市","大安區群英里",1618847
"201505","台北市","大安區仁愛里",3012744
"201505","台北市","大安區仁慈里",1830197
"201505","台北市","大安區通安里",1466277
"201505","台北市","大安區通化里",1784395
"201505","台北市","大安區臥龍里",585220
"201505","台北市","大安區新龍里",1277052
"201505","台北市","大安區學府里",505668
"201505","台北市","大安區義安里",1789382
"201505","台北市","大安區義村里",1411001
"201505","台北市","大安區永康里",1194126
"201505","台北市","大安區正聲里",1899733
"201505","台北市","大安區住安里",1701293
"201505","台北市","大同區保安里",913755
"201505","台北市","大同區朝陽里",1246535
"201505","台北市","大同區大有里",1457546
"201505","台北市","大同區光能里",1013574
"201505","台北市","大同區國慶里",1132502
"201505","台北市","大同區國順里",603094
"201505","台北市","大同區建功里",1321450
"201505","台北市","大同區建明里",1742823
"201505","台北市","大同區建泰里",1517962
"201505","台北市","大同區景星里",674267
"201505","台北市","大同區老師里",1123935
"201505","台北市","大同區鄰江里",1287797
"201505","台北市","大同區隆和里",849851
"201505","台北市","大同區民權里",1583894
"201505","台北市","大同區南芳里",1100895
"201505","台北市","大同區蓬萊里",1313146
"201505","台北市","大同區雙連里",1998705
"201505","台北市","大同區斯文里",1375741
"201505","台北市","大同區星明里",1630817
"201505","台北市","大同區延平里",1213717
"201505","台北市","大同區揚雅里",875310
"201505","台北市","大同區永樂里",1617541
"201505","台北市","大同區玉泉里",872287
"201505","台北市","大同區至聖里",2021035
"201505","台北市","大同區重慶里",1391174
"201505","台北市","南港區百福里",962057
"201505","台北市","南港區成福里",1456810
"201505","台北市","南港區東明里",1140739
"201505","台北市","南港區東新里",1320131
"201505","台北市","南港區合成里",1485405
"201505","台北市","南港區鴻福里",894551
"201505","台北市","南港區九如里",1341318
"201505","台北市","南港區舊莊里",1509146
"201505","台北市","南港區聯成里",1006783
"201505","台北市","南港區南港里",2188274
"201505","台北市","南港區仁福里",1046442
"201505","台北市","南港區三重里",1795683
"201505","台北市","南港區萬福里",927804
"201505","台北市","南港區西新里",958964
"201505","台北市","南港區新富里",758192
"201505","台北市","南港區新光里",853668
"201505","台北市","南港區玉成里",1154802
"201505","台北市","南港區中南里",627167
"201505","台北市","南港區中研里",1450937
"201505","台北市","南港區重陽里",1487644
"201505","台北市","內湖區安湖里",1309435
"201505","台北市","內湖區安泰里",1007280
"201505","台北市","內湖區寶湖里",3362979
"201505","台北市","內湖區碧山里",1496236
"201505","台北市","內湖區大湖里",1704603
"201505","台北市","內湖區東湖里",1383642
"201505","台北市","內湖區港都里",1259777
"201505","台北市","內湖區港富里",1932261
"201505","台北市","內湖區港華里",1793333
"201505","台北市","內湖區港墘里",2086434
"201505","台北市","內湖區湖濱里",2056960
"201505","台北市","內湖區湖興里",1690357
"201505","台北市","內湖區湖元里",2766988
"201505","台北市","內湖區葫洲里",1740146
"201505","台北市","內湖區金湖里",3331300
"201505","台北市","內湖區金龍里",1196886
"201505","台北市","內湖區金瑞里",1219919
"201505","台北市","內湖區康寧里",2197215
"201505","台北市","內湖區樂康里",1337404
"201505","台北市","內湖區麗山里",1494503
"201505","台北市","內湖區蘆洲里",302051
"201505","台北市","內湖區明湖里",1039527
"201505","台北市","內湖區南湖里",1142135
"201505","台北市","內湖區內溝里",889440
"201505","台北市","內湖區內湖里",1308572
"201505","台北市","內湖區清白里",2367613
"201505","台北市","內湖區瑞光里",928962
"201505","台北市","內湖區瑞陽里",1697641
"201505","台北市","內湖區石潭里",1548782
"201505","台北市","內湖區五分里",1776874
"201505","台北市","內湖區西安里",1422220
"201505","台北市","內湖區西湖里",2365018
"201505","台北市","內湖區西康里",2780221
"201505","台北市","內湖區行善里",1510118
"201505","台北市","內湖區秀湖里",1446451
"201505","台北市","內湖區週美里",2109985
"201505","台北市","內湖區紫星里",1628268
"201505","台北市","內湖區紫陽里",1756252
"201505","台北市","內湖區紫雲里",1163454
"201505","台北市","士林區百齡里",1240237
"201505","台北市","士林區承德里",1728174
"201505","台北市","士林區翠山里",600708
"201505","台北市","士林區德華里",1404084
"201505","台北市","士林區德行里",1285889
"201505","台北市","士林區東山里",1479745
"201505","台北市","士林區福安里",787884
"201505","台北市","士林區福德里",1582675
"201505","台北市","士林區福華里",1151906
"201505","台北市","士林區福佳里",1920007
"201505","台北市","士林區福林里",954968
"201505","台北市","士林區福順里",1116819
"201505","台北市","士林區福志里",1799002
"201505","台北市","士林區福中里",1378716
"201505","台北市","士林區富光里",1113799
"201505","台北市","士林區富洲里",986706
"201505","台北市","士林區公館里",490030
"201505","台北市","士林區後港里",1747680
"201505","台北市","士林區葫東里",832220
"201505","台北市","士林區葫蘆里",1410912
"201505","台北市","士林區菁山里",521505
"201505","台北市","士林區舊佳里",1336307
"201505","台北市","士林區蘭興里",1952978
"201505","台北市","士林區蘭雅里",2396763
"201505","台北市","士林區臨溪里",1351319
"201505","台北市","士林區名山里",1673865
"201505","台北市","士林區明勝里",1075860
"201505","台北市","士林區平等里",364112
"201505","台北市","士林區前港里",947599
"201505","台北市","士林區仁勇里",1222641
"201505","台北市","士林區三玉里",1742926
"201505","台北市","士林區社新里",1707688
"201505","台北市","士林區社園里",1284564
"201505","台北市","士林區社子里",1242982
"201505","台北市","士林區聖山里",1250567
"201505","台北市","士林區天福里",1912219
"201505","台北市","士林區天和里",2112602
"201505","台北市","士林區天祿里",1711171
"201505","台北市","士林區天母里",2714431
"201505","台北市","士林區天山里",2316502
"201505","台北市","士林區天壽里",2064996
"201505","台北市","士林區天玉里",2865373
"201505","台北市","士林區溪山里",430796
"201505","台北市","士林區新安里",826189
"201505","台北市","士林區岩山里",935654
"201505","台北市","士林區陽明里",2500227
"201505","台北市","士林區義信里",1126935
"201505","台北市","士林區永福里",892528
"201505","台北市","士林區永倫里",1388602
"201505","台北市","士林區芝山里",2206191
"201505","台北市","士林區忠誠里",1591672
"201505","台北市","松山區安平里",2560598
"201505","台北市","松山區慈祐里",2308359
"201505","台北市","松山區東昌里",564004
"201505","台北市","松山區東光里",2034571
"201505","台北市","松山區東榮里",1915571
"201505","台北市","松山區東勢里",1414279
"201505","台北市","松山區敦化里",1792405
"201505","台北市","松山區福成里",803275
"201505","台北市","松山區富錦里",1172504
"201505","台北市","松山區富泰里",1093655
"201505","台北市","松山區復建里",1056058
"201505","台北市","松山區復盛里",1760643
"201505","台北市","松山區復勢里",2008288
"201505","台北市","松山區復源里",714647
"201505","台北市","松山區吉仁里",945460
"201505","台北市","松山區吉祥里",2630223
"201505","台北市","松山區介壽里",996947
"201505","台北市","松山區精忠里",1034720
"201505","台北市","松山區龍田里",2317804
"201505","台北市","松山區美仁里",945270
"201505","台北市","松山區民福里",1693823
"201505","台北市","松山區民有里",2982109
"201505","台北市","松山區鵬程里",1437096
"201505","台北市","松山區三民里",1676303
"201505","台北市","松山區松基里",1767215
"201505","台北市","松山區新東里",1254811
"201505","台北市","松山區新聚里",2572265
"201505","台北市","松山區新益里",1193571
"201505","台北市","松山區中華里",1992886
"201505","台北市","松山區中崙里",1273003
"201505","台北市","松山區中正里",3012242
"201505","台北市","松山區莊敬里",1209829
"201505","台北市","松山區自強里",2232998
"201505","台北市","萬華區保德里",759910
"201505","台北市","萬華區菜園里",1439466
"201505","台北市","萬華區頂碩里",1525570
"201505","台北市","萬華區福星里",1836437
"201505","台北市","萬華區福音里",917271
"201505","台北市","萬華區富福里",1104485
"201505","台北市","萬華區富民里",1516226
"201505","台北市","萬華區和德里",1646741
"201505","台北市","萬華區和平里",1579248
"201505","台北市","萬華區華江里",1749990
"201505","台北市","萬華區華中里",1456628
"201505","台北市","萬華區錦德里",1174414
"201505","台北市","萬華區凌霄里",685996
"201505","台北市","萬華區柳鄉里",1177976
"201505","台北市","萬華區綠堤里",807685
"201505","台北市","萬華區銘德里",1032668
"201505","台北市","萬華區青山里",2075641
"201505","台北市","萬華區全德里",889072
"201505","台北市","萬華區仁德里",1422876
"201505","台北市","萬華區日善里",821161
"201505","台北市","萬華區日祥里",1156241
"201505","台北市","萬華區榮德里",844356
"201505","台北市","萬華區壽德里",1077710
"201505","台北市","萬華區雙園里",944789
"201505","台北市","萬華區糖廍里",1327187
"201505","台北市","萬華區騰雲里",601411
"201505","台北市","萬華區萬壽里",1339185
"201505","台北市","萬華區西門里",1464898
"201505","台北市","萬華區孝德里",731401
"201505","台北市","萬華區新安里",1035676
"201505","台北市","萬華區新和里",1483294
"201505","台北市","萬華區新起里",2244340
"201505","台北市","萬華區新忠里",631214
"201505","台北市","萬華區興德里",1088121
"201505","台北市","萬華區忠德里",871621
"201505","台北市","萬華區忠貞里",845000
"201505","台北市","文山區博嘉里",1268657
"201505","台北市","文山區華興里",2284258
"201505","台北市","文山區景東里",1258298
"201505","台北市","文山區景華里",1255232
"201505","台北市","文山區景美里",849976
"201505","台北市","文山區景慶里",914583
"201505","台北市","文山區景仁里",924149
"201505","台北市","文山區景行里",1797305
"201505","台北市","文山區老泉里",181882
"201505","台北市","文山區明興里",1363161
"201505","台北市","文山區明義里",801713
"201505","台北市","文山區木柵里",2103415
"201505","台北市","文山區木新里",1839430
"201505","台北市","文山區試院里",1621805
"201505","台北市","文山區順興里",1394670
"201505","台北市","文山區萬芳里",1873606
"201505","台北市","文山區萬和里",811624
"201505","台北市","文山區萬隆里",1298308
"201505","台北市","文山區萬美里",1624059
"201505","台北市","文山區萬年里",1065642
"201505","台北市","文山區萬盛里",1321786
"201505","台北市","文山區萬祥里",1031082
"201505","台北市","文山區萬興里",2026624
"201505","台北市","文山區萬有里",1110977
"201505","台北市","文山區興安里",1574607
"201505","台北市","文山區興邦里",1183252
"201505","台北市","文山區興昌里",1639710
"201505","台北市","文山區興得里",1445837
"201505","台北市","文山區興豐里",1254862
"201505","台北市","文山區興福里",1142073
"201505","台北市","文山區興光里",941106
"201505","台北市","文山區興家里",1413324
"201505","台北市","文山區興泰里",1085632
"201505","台北市","文山區興旺里",1843193
"201505","台北市","文山區興業里",1359371
"201505","台北市","文山區樟腳里",1175271
"201505","台北市","文山區樟林里",1062165
"201505","台北市","文山區樟樹里",935741
"201505","台北市","文山區樟文里",1262492
"201505","台北市","文山區樟新里",1126649
"201505","台北市","文山區政大里",2026082
"201505","台北市","文山區指南里",994434
"201505","台北市","文山區忠順里",957027
"201505","台北市","信義區安康里",4136104
"201505","台北市","信義區大道里",1445969
"201505","台北市","信義區大仁里",829386
"201505","台北市","信義區敦厚里",1317227
"201505","台北市","信義區富台里",1078703
"201505","台北市","信義區廣居里",1919757
"201505","台北市","信義區國業里",1574814
"201505","台北市","信義區惠安里",1601278
"201505","台北市","信義區嘉興里",824956
"201505","台北市","信義區景聯里",1283559
"201505","台北市","信義區景勤里",915313
"201505","台北市","信義區景新里",2064689
"201505","台北市","信義區黎安里",216667
"201505","台北市","信義區黎平里",1852483
"201505","台北市","信義區黎順里",1174554
"201505","台北市","信義區黎忠里",1047185
"201505","台北市","信義區六合里",1951598
"201505","台北市","信義區六藝里",776852
"201505","台北市","信義區三犁里",1963901
"201505","台北市","信義區三張里",2766508
"201505","台北市","信義區雙和里",1709027
"201505","台北市","信義區四維里",1117494
"201505","台北市","信義區四育里",1384926
"201505","台北市","信義區松光里",1220920
"201505","台北市","信義區松隆里",475929
"201505","台北市","信義區松友里",1285842
"201505","台北市","信義區泰和里",1929789
"201505","台北市","信義區五常里",1031791
"201505","台北市","信義區五全里",1105122
"201505","台北市","信義區西村里",915845
"201505","台北市","信義區新仁里",1126208
"201505","台北市","信義區興隆里",903683
"201505","台北市","信義區興雅里",1580169
"201505","台北市","信義區雅祥里",1182023
"201505","台北市","信義區永春里",1245041
"201505","台北市","信義區永吉里",1177816
"201505","台北市","信義區長春里",1184601
"201505","台北市","信義區正和里",1280354
"201505","台北市","信義區中坡里",959715
"201505","台北市","信義區中行里",1580709
"201505","台北市","信義區中興里",1517959
"201505","台北市","中山區北安里",554889
"201505","台北市","中山區成功里",3073389
"201505","台北市","中山區大佳里",225288
"201505","台北市","中山區大直里",2357541
"201505","台北市","中山區復華里",1916873
"201505","台北市","中山區恆安里",1913670
"201505","台北市","中山區集英里",2562420
"201505","台北市","中山區劍潭里",830104
"201505","台北市","中山區江寧里",1983612
"201505","台北市","中山區江山里",2129228
"201505","台北市","中山區金泰里",2690606
"201505","台北市","中山區聚盛里",2077899
"201505","台北市","中山區聚葉里",1526021
"201505","台北市","中山區康樂里",1230909
"201505","台北市","中山區力行里",2615282
"201505","台北市","中山區龍洲里",1083097
"201505","台北市","中山區民安里",1965639
"201505","台北市","中山區埤頭里",1062614
"201505","台北市","中山區晴光里",2079851
"201505","台北市","中山區松江里",2011682
"201505","台北市","中山區下埤里",2040232
"201505","台北市","中山區新福里",1559851
"201505","台北市","中山區新生里",1893195
"201505","台北市","中山區新喜里",1375835
"201505","台北市","中山區新庄里",1181399
"201505","台北市","中山區行仁里",1989393
"201505","台北市","中山區行孝里",1007468
"201505","台北市","中山區行政里",1699150
"201505","台北市","中山區興亞里",2549232
"201505","台北市","中山區永安里",2471317
"201505","台北市","中山區圓山里",1464029
"201505","台北市","中山區正得里",2035057
"201505","台北市","中山區正守里",973713
"201505","台北市","中山區正義里",2473535
"201505","台北市","中山區中吉里",1866421
"201505","台北市","中山區中山里",2750329
"201505","台北市","中山區中央里",1339005
"201505","台北市","中山區中原里",1552645
"201505","台北市","中山區中庄里",1670372
"201505","台北市","中山區朱馥里",1609259
"201505","台北市","中山區朱崙里",1017090
"201505","台北市","中山區朱園里",2452238
"201505","台北市","中正區愛國里",638067
"201505","台北市","中正區板溪里",1156846
"201505","台北市","中正區頂東里",1567242
"201505","台北市","中正區東門里",965351
"201505","台北市","中正區富水里",476617
"201505","台北市","中正區光復里",2349788
"201505","台北市","中正區河堤里",1188538
"201505","台北市","中正區建國里",388704
"201505","台北市","中正區黎明里",2324204
"201505","台北市","中正區林興里",1139585
"201505","台北市","中正區龍福里",1252558
"201505","台北市","中正區龍光里",676588
"201505","台北市","中正區龍興里",603077
"201505","台北市","中正區梅花里",1578170
"201505","台北市","中正區南福里",2492566
"201505","台北市","中正區南門里",591548
"201505","台北市","中正區三愛里",2402744
"201505","台北市","中正區廈安里",660215
"201505","台北市","中正區水源里",1187063
"201505","台北市","中正區網溪里",1313909
"201505","台北市","中正區文北里",2182261
"201505","台北市","中正區文盛里",898537
"201505","台北市","中正區文祥里",1550776
"201505","台北市","中正區新營里",1814732
"201505","台北市","中正區幸福里",1977057
"201505","台北市","中正區幸市里",2205010
"201505","台北市","中正區螢圃里",1303912
"201505","台北市","中正區螢雪里",1016334
"201505","台北市","中正區永昌里",1136277
"201505","台北市","中正區永功里",1281852
"201505","台北市","中正區忠勤里",1212871
"201507","台北市","北投區八仙里",2214714
"201507","台北市","北投區大同里",2469602
"201507","台北市","北投區大屯里",469698
"201507","台北市","北投區稻香里",1798330
"201507","台北市","北投區東華里",1580712
"201507","台北市","北投區豐年里",1359341
"201507","台北市","北投區福興里",2538684
"201507","台北市","北投區關渡里",4346421
"201507","台北市","北投區湖山里",600225
"201507","台北市","北投區湖田里",201986
"201507","台北市","北投區吉利里",2162952
"201507","台北市","北投區吉慶里",1864888
"201507","台北市","北投區建民里",1716688
"201507","台北市","北投區開明里",1966824
"201507","台北市","北投區立農里",3150589
"201507","台北市","北投區立賢里",2069215
"201507","台北市","北投區林泉里",1024807
"201507","台北市","北投區奇岩里",3255342
"201507","台北市","北投區清江里",3190592
"201507","台北市","北投區泉源里",790452
"201507","台北市","北投區榮光里",2492218
"201507","台北市","北投區榮華里",3602143
"201507","台北市","北投區石牌里",2799368
"201507","台北市","北投區桃源里",1711430
"201507","台北市","北投區溫泉里",2092008
"201507","台北市","北投區文化里",1030070
"201507","台北市","北投區文林里",2072408
"201507","台北市","北投區秀山里",1114888
"201507","台北市","北投區一德里",2765332
"201507","台北市","北投區永和里",4181436
"201507","台北市","北投區永明里",1882358
"201507","台北市","北投區永欣里",3207396
"201507","台北市","北投區裕民里",3494727
"201507","台北市","北投區長安里",1953037
"201507","台北市","北投區振華里",3032864
"201507","台北市","北投區智仁里",1363643
"201507","台北市","北投區中和里",2239117
"201507","台北市","北投區中心里",2100080
"201507","台北市","北投區中央里",4584229
"201507","台北市","北投區中庸里",1064838
"201507","台北市","北投區洲美里",311001
"201507","台北市","北投區尊賢里",1630914
"201507","台北市","大安區昌隆里",1467251
"201507","台北市","大安區車層里",3640878
"201507","台北市","大安區誠安里",2289922
"201507","台北市","大安區大學里",3377661
"201507","台北市","大安區德安里",3109612
"201507","台北市","大安區敦安里",3181692
"201507","台北市","大安區敦煌里",2822905
"201507","台北市","大安區法治里",2015211
"201507","台北市","大安區芳和里",2237832
"201507","台北市","大安區福住里",2284662
"201507","台北市","大安區古風里",1852450
"201507","台北市","大安區古莊里",3248917
"201507","台北市","大安區光明里",1604552
"201507","台北市","大安區光武里",4381347
"201507","台北市","大安區光信里",3962784
"201507","台北市","大安區和安里",2846250
"201507","台北市","大安區虎嘯里",2359346
"201507","台北市","大安區華聲里",2363584
"201507","台北市","大安區建安里",3267341
"201507","台北市","大安區建倫里",4146340
"201507","台北市","大安區錦安里",2393750
"201507","台北市","大安區錦華里",1848119
"201507","台北市","大安區錦泰里",957167
"201507","台北市","大安區黎和里",1790156
"201507","台北市","大安區黎孝里",3111781
"201507","台北市","大安區黎元里",1895142
"201507","台北市","大安區臨江里",1911373
"201507","台北市","大安區龍安里",2637428
"201507","台北市","大安區龍門里",1759255
"201507","台北市","大安區龍坡里",1229733
"201507","台北市","大安區龍泉里",2000576
"201507","台北市","大安區龍生里",2272626
"201507","台北市","大安區龍圖里",2804367
"201507","台北市","大安區龍淵里",2860941
"201507","台北市","大安區龍雲里",2347916
"201507","台北市","大安區龍陣里",1551862
"201507","台北市","大安區民輝里",4260410
"201507","台北市","大安區民炤里",4490262
"201507","台北市","大安區全安里",2501099
"201507","台北市","大安區群賢里",3225043
"201507","台北市","大安區群英里",2567941
"201507","台北市","大安區仁愛里",4395711
"201507","台北市","大安區仁慈里",2704449
"201507","台北市","大安區通安里",2528439
"201507","台北市","大安區通化里",2952681
"201507","台北市","大安區臥龍里",1012777
"201507","台北市","大安區新龍里",1997376
"201507","台北市","大安區學府里",747872
"201507","台北市","大安區義安里",3109377
"201507","台北市","大安區義村里",2421265
"201507","台北市","大安區永康里",1965313
"201507","台北市","大安區正聲里",2820074
"201507","台北市","大安區住安里",2622407
"201507","台北市","大同區保安里",1427660
"201507","台北市","大同區朝陽里",1845484
"201507","台北市","大同區大有里",2387367
"201507","台北市","大同區光能里",1550580
"201507","台北市","大同區國慶里",1846911
"201507","台北市","大同區國順里",993981
"201507","台北市","大同區建功里",2055890
"201507","台北市","大同區建明里",2711526
"201507","台北市","大同區建泰里",2310778
"201507","台北市","大同區景星里",1096674
"201507","台北市","大同區老師里",1639964
"201507","台北市","大同區鄰江里",1948913
"201507","台北市","大同區隆和里",1369176
"201507","台北市","大同區民權里",2326289
"201507","台北市","大同區南芳里",1802695
"201507","台北市","大同區蓬萊里",2253299
"201507","台北市","大同區雙連里",3163955
"201507","台北市","大同區斯文里",2363454
"201507","台北市","大同區星明里",2559308
"201507","台北市","大同區延平里",1986826
"201507","台北市","大同區揚雅里",1495146
"201507","台北市","大同區永樂里",2466892
"201507","台北市","大同區玉泉里",1345693
"201507","台北市","大同區至聖里",3342612
"201507","台北市","大同區重慶里",2095765
"201507","台北市","南港區百福里",1570118
"201507","台北市","南港區成福里",2268353
"201507","台北市","南港區東明里",1613238
"201507","台北市","南港區東新里",1970799
"201507","台北市","南港區合成里",2384307
"201507","台北市","南港區鴻福里",1487417
"201507","台北市","南港區九如里",1987326
"201507","台北市","南港區舊莊里",2390968
"201507","台北市","南港區聯成里",1641211
"201507","台北市","南港區南港里",3379892
"201507","台北市","南港區仁福里",1611573
"201507","台北市","南港區三重里",2633345
"201507","台北市","南港區萬福里",1524604
"201507","台北市","南港區西新里",1402877
"201507","台北市","南港區新富里",1231580
"201507","台北市","南港區新光里",1443435
"201507","台北市","南港區玉成里",1619815
"201507","台北市","南港區中南里",974233
"201507","台北市","南港區中研里",2359460
"201507","台北市","南港區重陽里",2077075
"201507","台北市","內湖區安湖里",2267752
"201507","台北市","內湖區安泰里",1527187
"201507","台北市","內湖區寶湖里",5306196
"201507","台北市","內湖區碧山里",2305697
"201507","台北市","內湖區大湖里",2686654
"201507","台北市","內湖區東湖里",2401795
"201507","台北市","內湖區港都里",2053266
"201507","台北市","內湖區港富里",3215734
"201507","台北市","內湖區港華里",2823010
"201507","台北市","內湖區港墘里",2886847
"201507","台北市","內湖區湖濱里",3132059
"201507","台北市","內湖區湖興里",2765232
"201507","台北市","內湖區湖元里",4265079
"201507","台北市","內湖區葫洲里",2714111
"201507","台北市","內湖區金湖里",5459959
"201507","台北市","內湖區金龍里",1932715
"201507","台北市","內湖區金瑞里",1891795
"201507","台北市","內湖區康寧里",3610447
"201507","台北市","內湖區樂康里",2330391
"201507","台北市","內湖區麗山里",2487959
"201507","台北市","內湖區蘆洲里",429073
"201507","台北市","內湖區明湖里",1723087
"201507","台北市","內湖區南湖里",1768609
"201507","台北市","內湖區內溝里",1320919
"201507","台北市","內湖區內湖里",2065059
"201507","台北市","內湖區清白里",3965847
"201507","台北市","內湖區瑞光里",1396416
"201507","台北市","內湖區瑞陽里",2579724
"201507","台北市","內湖區石潭里",2231984
"201507","台北市","內湖區五分里",2984545
"201507","台北市","內湖區西安里",2287739
"201507","台北市","內湖區西湖里",3546379
"201507","台北市","內湖區西康里",4414478
"201507","台北市","內湖區行善里",2190517
"201507","台北市","內湖區秀湖里",2288024
"201507","台北市","內湖區週美里",3024035
"201507","台北市","內湖區紫星里",2742478
"201507","台北市","內湖區紫陽里",2752514
"201507","台北市","內湖區紫雲里",1918837
"201507","台北市","士林區百齡里",2017126
"201507","台北市","士林區承德里",2796831
"201507","台北市","士林區翠山里",747910
"201507","台北市","士林區德華里",2495933
"201507","台北市","士林區德行里",2161806
"201507","台北市","士林區東山里",2386372
"201507","台北市","士林區福安里",1180965
"201507","台北市","士林區福德里",2493371
"201507","台北市","士林區福華里",1889686
"201507","台北市","士林區福佳里",3192888
"201507","台北市","士林區福林里",1475191
"201507","台北市","士林區福順里",1702894
"201507","台北市","士林區福志里",2983827
"201507","台北市","士林區福中里",2296607
"201507","台北市","士林區富光里",1674152
"201507","台北市","士林區富洲里",1404228
"201507","台北市","士林區公館里",549156
"201507","台北市","士林區後港里",2901304
"201507","台北市","士林區葫東里",1296840
"201507","台北市","士林區葫蘆里",2155812
"201507","台北市","士林區菁山里",553516
"201507","台北市","士林區舊佳里",2214621
"201507","台北市","士林區蘭興里",3263330
"201507","台北市","士林區蘭雅里",4292673
"201507","台北市","士林區臨溪里",1892002
"201507","台北市","士林區名山里",2956984
"201507","台北市","士林區明勝里",1727459
"201507","台北市","士林區平等里",406275
"201507","台北市","士林區前港里",1557958
"201507","台北市","士林區仁勇里",1931581
"201507","台北市","士林區三玉里",3076732
"201507","台北市","士林區社新里",2512244
"201507","台北市","士林區社園里",2057154
"201507","台北市","士林區社子里",1899467
"201507","台北市","士林區聖山里",2230653
"201507","台北市","士林區天福里",3202795
"201507","台北市","士林區天和里",3378275
"201507","台北市","士林區天祿里",2916278
"201507","台北市","士林區天母里",4375099
"201507","台北市","士林區天山里",3700371
"201507","台北市","士林區天壽里",3330963
"201507","台北市","士林區天玉里",4935220
"201507","台北市","士林區溪山里",517099
"201507","台北市","士林區新安里",936530
"201507","台北市","士林區岩山里",1511589
"201507","台北市","士林區陽明里",2482233
"201507","台北市","士林區義信里",1710195
"201507","台北市","士林區永福里",1118117
"201507","台北市","士林區永倫里",2251219
"201507","台北市","士林區芝山里",3667769
"201507","台北市","士林區忠誠里",2835476
"201507","台北市","松山區安平里",4202161
"201507","台北市","松山區慈祐里",3813735
"201507","台北市","松山區東昌里",842686
"201507","台北市","松山區東光里",3453317
"201507","台北市","松山區東榮里",2750133
"201507","台北市","松山區東勢里",2126545
"201507","台北市","松山區敦化里",2875992
"201507","台北市","松山區福成里",1212618
"201507","台北市","松山區富錦里",1691819
"201507","台北市","松山區富泰里",1985450
"201507","台北市","松山區復建里",1718378
"201507","台北市","松山區復盛里",2940348
"201507","台北市","松山區復勢里",3066150
"201507","台北市","松山區復源里",1182995
"201507","台北市","松山區吉仁里",1518521
"201507","台北市","松山區吉祥里",4482413
"201507","台北市","松山區介壽里",1777728
"201507","台北市","松山區精忠里",1463146
"201507","台北市","松山區龍田里",3677125
"201507","台北市","松山區美仁里",1467933
"201507","台北市","松山區民福里",2386069
"201507","台北市","松山區民有里",4289792
"201507","台北市","松山區鵬程里",2235377
"201507","台北市","松山區三民里",2652512
"201507","台北市","松山區松基里",2745914
"201507","台北市","松山區新東里",2107631
"201507","台北市","松山區新聚里",4161377
"201507","台北市","松山區新益里",1863739
"201507","台北市","松山區中華里",2943521
"201507","台北市","松山區中崙里",1876095
"201507","台北市","松山區中正里",4671719
"201507","台北市","松山區莊敬里",1824504
"201507","台北市","松山區自強里",3742216
"201507","台北市","萬華區保德里",1327009
"201507","台北市","萬華區菜園里",2388458
"201507","台北市","萬華區頂碩里",2481949
"201507","台北市","萬華區福星里",2922184
"201507","台北市","萬華區福音里",1544873
"201507","台北市","萬華區富福里",1710598
"201507","台北市","萬華區富民里",2604901
"201507","台北市","萬華區和德里",2752136
"201507","台北市","萬華區和平里",2738398
"201507","台北市","萬華區華江里",2862056
"201507","台北市","萬華區華中里",2600173
"201507","台北市","萬華區錦德里",1963365
"201507","台北市","萬華區凌霄里",1124418
"201507","台北市","萬華區柳鄉里",1957388
"201507","台北市","萬華區綠堤里",1322531
"201507","台北市","萬華區銘德里",1833278
"201507","台北市","萬華區青山里",3484170
"201507","台北市","萬華區全德里",1589208
"201507","台北市","萬華區仁德里",2419204
"201507","台北市","萬華區日善里",1442341
"201507","台北市","萬華區日祥里",2091422
"201507","台北市","萬華區榮德里",1447102
"201507","台北市","萬華區壽德里",1940140
"201507","台北市","萬華區雙園里",1537531
"201507","台北市","萬華區糖廍里",2121779
"201507","台北市","萬華區騰雲里",975918
"201507","台北市","萬華區萬壽里",1887092
"201507","台北市","萬華區西門里",2180356
"201507","台北市","萬華區孝德里",1245792
"201507","台北市","萬華區新安里",1735769
"201507","台北市","萬華區新和里",2515550
"201507","台北市","萬華區新起里",3828940
"201507","台北市","萬華區新忠里",1036751
"201507","台北市","萬華區興德里",1907015
"201507","台北市","萬華區忠德里",1472304
"201507","台北市","萬華區忠貞里",1372032
"201507","台北市","文山區博嘉里",1916556
"201507","台北市","文山區華興里",3019879
"201507","台北市","文山區景東里",2105877
"201507","台北市","文山區景華里",2056906
"201507","台北市","文山區景美里",1412513
"201507","台北市","文山區景慶里",1536331
"201507","台北市","文山區景仁里",1583481
"201507","台北市","文山區景行里",2796827
"201507","台北市","文山區老泉里",241371
"201507","台北市","文山區明興里",2000426
"201507","台北市","文山區明義里",1283415
"201507","台北市","文山區木柵里",3149992
"201507","台北市","文山區木新里",2875579
"201507","台北市","文山區試院里",2337846
"201507","台北市","文山區順興里",2071857
"201507","台北市","文山區萬芳里",2869247
"201507","台北市","文山區萬和里",1327605
"201507","台北市","文山區萬隆里",2267662
"201507","台北市","文山區萬美里",2572445
"201507","台北市","文山區萬年里",1772416
"201507","台北市","文山區萬盛里",1927997
"201507","台北市","文山區萬祥里",1784223
"201507","台北市","文山區萬興里",3065990
"201507","台北市","文山區萬有里",1869175
"201507","台北市","文山區興安里",2589287
"201507","台北市","文山區興邦里",1798539
"201507","台北市","文山區興昌里",2585690
"201507","台北市","文山區興得里",2204996
"201507","台北市","文山區興豐里",1871116
"201507","台北市","文山區興福里",1856296
"201507","台北市","文山區興光里",1421565
"201507","台北市","文山區興家里",2147811
"201507","台北市","文山區興泰里",1712295
"201507","台北市","文山區興旺里",2764277
"201507","台北市","文山區興業里",2187816
"201507","台北市","文山區樟腳里",1749585
"201507","台北市","文山區樟林里",1623980
"201507","台北市","文山區樟樹里",1368377
"201507","台北市","文山區樟文里",1784623
"201507","台北市","文山區樟新里",1725280
"201507","台北市","文山區政大里",2841061
"201507","台北市","文山區指南里",1287314
"201507","台北市","文山區忠順里",1514337
"201507","台北市","信義區安康里",6867355
"201507","台北市","信義區大道里",2272105
"201507","台北市","信義區大仁里",1314086
"201507","台北市","信義區敦厚里",1886975
"201507","台北市","信義區富台里",1668176
"201507","台北市","信義區廣居里",3027746
"201507","台北市","信義區國業里",2696604
"201507","台北市","信義區惠安里",2566453
"201507","台北市","信義區嘉興里",1321201
"201507","台北市","信義區景聯里",2083685
"201507","台北市","信義區景勤里",1486736
"201507","台北市","信義區景新里",3363249
"201507","台北市","信義區黎安里",319650
"201507","台北市","信義區黎平里",2991380
"201507","台北市","信義區黎順里",1884705
"201507","台北市","信義區黎忠里",1712439
"201507","台北市","信義區六合里",2983039
"201507","台北市","信義區六藝里",1170201
"201507","台北市","信義區三犁里",3112376
"201507","台北市","信義區三張里",4488746
"201507","台北市","信義區雙和里",2717797
"201507","台北市","信義區四維里",1671172
"201507","台北市","信義區四育里",2432011
"201507","台北市","信義區松光里",1920899
"201507","台北市","信義區松隆里",674046
"201507","台北市","信義區松友里",2041605
"201507","台北市","信義區泰和里",2951607
"201507","台北市","信義區五常里",1690381
"201507","台北市","信義區五全里",1767134
"201507","台北市","信義區西村里",1515167
"201507","台北市","信義區新仁里",1714375
"201507","台北市","信義區興隆里",1430519
"201507","台北市","信義區興雅里",2330701
"201507","台北市","信義區雅祥里",2048842
"201507","台北市","信義區永春里",1902925
"201507","台北市","信義區永吉里",1965345
"201507","台北市","信義區長春里",1674888
"201507","台北市","信義區正和里",2114299
"201507","台北市","信義區中坡里",1474222
"201507","台北市","信義區中行里",2334736
"201507","台北市","信義區中興里",2356940
"201507","台北市","中山區北安里",859257
"201507","台北市","中山區成功里",4949520
"201507","台北市","中山區大佳里",310319
"201507","台北市","中山區大直里",4053833
"201507","台北市","中山區復華里",3210427
"201507","台北市","中山區恆安里",2922827
"201507","台北市","中山區集英里",4073098
"201507","台北市","中山區劍潭里",1344113
"201507","台北市","中山區江寧里",3290690
"201507","台北市","中山區江山里",3427069
"201507","台北市","中山區金泰里",4584316
"201507","台北市","中山區聚盛里",3176147
"201507","台北市","中山區聚葉里",2575164
"201507","台北市","中山區康樂里",1831570
"201507","台北市","中山區力行里",4238756
"201507","台北市","中山區龍洲里",2006929
"201507","台北市","中山區民安里",3016715
"201507","台北市","中山區埤頭里",1578245
"201507","台北市","中山區晴光里",3273682
"201507","台北市","中山區松江里",3405597
"201507","台北市","中山區下埤里",3663364
"201507","台北市","中山區新福里",2557528
"201507","台北市","中山區新生里",3169259
"201507","台北市","中山區新喜里",2468417
"201507","台北市","中山區新庄里",1936152
"201507","台北市","中山區行仁里",3565213
"201507","台北市","中山區行孝里",1835221
"201507","台北市","中山區行政里",2919504
"201507","台北市","中山區興亞里",3692825
"201507","台北市","中山區永安里",4346476
"201507","台北市","中山區圓山里",2410900
"201507","台北市","中山區正得里",3069803
"201507","台北市","中山區正守里",1603533
"201507","台北市","中山區正義里",3747263
"201507","台北市","中山區中吉里",2794626
"201507","台北市","中山區中山里",4046007
"201507","台北市","中山區中央里",2195433
"201507","台北市","中山區中原里",2279774
"201507","台北市","中山區中庄里",2708218
"201507","台北市","中山區朱馥里",2507362
"201507","台北市","中山區朱崙里",1569788
"201507","台北市","中山區朱園里",3482623
"201507","台北市","中正區愛國里",960996
"201507","台北市","中正區板溪里",1779736
"201507","台北市","中正區頂東里",2573522
"201507","台北市","中正區東門里",1589980
"201507","台北市","中正區富水里",745743
"201507","台北市","中正區光復里",3408207
"201507","台北市","中正區河堤里",1871949
"201507","台北市","中正區建國里",585849
"201507","台北市","中正區黎明里",3233010
"201507","台北市","中正區林興里",1859364
"201507","台北市","中正區龍福里",2038436
"201507","台北市","中正區龍光里",1146379
"201507","台北市","中正區龍興里",1032145
"201507","台北市","中正區梅花里",2394559
"201507","台北市","中正區南福里",4116217
"201507","台北市","中正區南門里",899509
"201507","台北市","中正區三愛里",3657583
"201507","台北市","中正區廈安里",1060212
"201507","台北市","中正區水源里",1764888
"201507","台北市","中正區網溪里",2145613
"201507","台北市","中正區文北里",3274241
"201507","台北市","中正區文盛里",1325723
"201507","台北市","中正區文祥里",2436601
"201507","台北市","中正區新營里",2897565
"201507","台北市","中正區幸福里",2972279
"201507","台北市","中正區幸市里",3174893
"201507","台北市","中正區螢圃里",2116087
"201507","台北市","中正區螢雪里",1563796
"201507","台北市","中正區永昌里",1939104
"201507","台北市","中正區永功里",2155941
"201507","台北市","中正區忠勤里",2081309
"201509","台北市","北投區八仙里",1666131
"201509","台北市","北投區大同里",1957030
"201509","台北市","北投區大屯里",404024
"201509","台北市","北投區稻香里",1428577
"201509","台北市","北投區東華里",1162451
"201509","台北市","北投區豐年里",1051751
"201509","台北市","北投區福興里",1920384
"201509","台北市","北投區關渡里",3519010
"201509","台北市","北投區湖山里",580939
"201509","台北市","北投區湖田里",191276
"201509","台北市","北投區吉利里",1532948
"201509","台北市","北投區吉慶里",1341778
"201509","台北市","北投區建民里",1341342
"201509","台北市","北投區開明里",2298913
"201509","台北市","北投區立農里",2270669
"201509","台北市","北投區立賢里",1501590
"201509","台北市","北投區林泉里",1056772
"201509","台北市","北投區奇岩里",3540736
"201509","台北市","北投區清江里",2449507
"201509","台北市","北投區泉源里",819444
"201509","台北市","北投區榮光里",1895392
"201509","台北市","北投區榮華里",2747359
"201509","台北市","北投區石牌里",2102402
"201509","台北市","北投區桃源里",1346260
"201509","台北市","北投區溫泉里",2351782
"201509","台北市","北投區文化里",1349675
"201509","台北市","北投區文林里",1571692
"201509","台北市","北投區秀山里",862914
"201509","台北市","北投區一德里",2246971
"201509","台北市","北投區永和里",3333581
"201509","台北市","北投區永明里",1362306
"201509","台北市","北投區永欣里",2383951
"201509","台北市","北投區裕民里",2636082
"201509","台北市","北投區長安里",2185141
"201509","台北市","北投區振華里",2312271
"201509","台北市","北投區智仁里",1505678
"201509","台北市","北投區中和里",1943784
"201509","台北市","北投區中心里",2293225
"201509","台北市","北投區中央里",3591630
"201509","台北市","北投區中庸里",1048207
"201509","台北市","北投區洲美里",382778
"201509","台北市","北投區尊賢里",1145005
"201509","台北市","大安區昌隆里",1400299
"201509","台北市","大安區車層里",3315733
"201509","台北市","大安區誠安里",2007501
"201509","台北市","大安區大學里",2627732
"201509","台北市","大安區德安里",2421924
"201509","台北市","大安區敦安里",3163217
"201509","台北市","大安區敦煌里",2786024
"201509","台北市","大安區法治里",1942465
"201509","台北市","大安區芳和里",1736406
"201509","台北市","大安區福住里",2407792
"201509","台北市","大安區古風里",1656591
"201509","台北市","大安區古莊里",3106893
"201509","台北市","大安區光明里",1261370
"201509","台北市","大安區光武里",4160411
"201509","台北市","大安區光信里",3370850
"201509","台北市","大安區和安里",2248793
"201509","台北市","大安區虎嘯里",1858121
"201509","台北市","大安區華聲里",1777184
"201509","台北市","大安區建安里",3085630
"201509","台北市","大安區建倫里",3837996
"201509","台北市","大安區錦安里",2247497
"201509","台北市","大安區錦華里",1930544
"201509","台北市","大安區錦泰里",988896
"201509","台北市","大安區黎和里",1368372
"201509","台北市","大安區黎孝里",2364711
"201509","台北市","大安區黎元里",1539095
"201509","台北市","大安區臨江里",1868612
"201509","台北市","大安區龍安里",2062579
"201509","台北市","大安區龍門里",1655390
"201509","台北市","大安區龍坡里",962222
"201509","台北市","大安區龍泉里",1869752
"201509","台北市","大安區龍生里",2400350
"201509","台北市","大安區龍圖里",2953401
"201509","台北市","大安區龍淵里",2714372
"201509","台北市","大安區龍雲里",1900207
"201509","台北市","大安區龍陣里",1667097
"201509","台北市","大安區民輝里",4132579
"201509","台北市","大安區民炤里",3487633
"201509","台北市","大安區全安里",2400877
"201509","台北市","大安區群賢里",2593113
"201509","台北市","大安區群英里",1814854
"201509","台北市","大安區仁愛里",3533895
"201509","台北市","大安區仁慈里",2090467
"201509","台北市","大安區通安里",2448293
"201509","台北市","大安區通化里",2891375
"201509","台北市","大安區臥龍里",949611
"201509","台北市","大安區新龍里",2106473
"201509","台北市","大安區學府里",656949
"201509","台北市","大安區義安里",2984997
"201509","台北市","大安區義村里",2339127
"201509","台北市","大安區永康里",1549930
"201509","台北市","大安區正聲里",2087983
"201509","台北市","大安區住安里",2182668
"201509","台北市","大同區保安里",1674488
"201509","台北市","大同區朝陽里",2160733
"201509","台北市","大同區大有里",1914851
"201509","台北市","大同區光能里",1805183
"201509","台北市","大同區國慶里",1922742
"201509","台北市","大同區國順里",774819
"201509","台北市","大同區建功里",1940134
"201509","台北市","大同區建明里",2235102
"201509","台北市","大同區建泰里",1904755
"201509","台北市","大同區景星里",897690
"201509","台北市","大同區老師里",1949361
"201509","台北市","大同區鄰江里",2275290
"201509","台北市","大同區隆和里",1085791
"201509","台北市","大同區民權里",2708686
"201509","台北市","大同區南芳里",1427379
"201509","台北市","大同區蓬萊里",1786335
"201509","台北市","大同區雙連里",3461500
"201509","台北市","大同區斯文里",1903171
"201509","台北市","大同區星明里",2705594
"201509","台北市","大同區延平里",1568130
"201509","台北市","大同區揚雅里",1151341
"201509","台北市","大同區永樂里",2877464
"201509","台北市","大同區玉泉里",1355676
"201509","台北市","大同區至聖里",3240875
"201509","台北市","大同區重慶里",2437698
"201509","台北市","南港區百福里",1523207
"201509","台北市","南港區成福里",2100861
"201509","台北市","南港區東明里",1905507
"201509","台北市","南港區東新里",2345529
"201509","台北市","南港區合成里",2510339
"201509","台北市","南港區鴻福里",1448499
"201509","台北市","南港區九如里",1617965
"201509","台北市","南港區舊莊里",1885508
"201509","台北市","南港區聯成里",1756823
"201509","台北市","南港區南港里",3394421
"201509","台北市","南港區仁福里",1548419
"201509","台北市","南港區三重里",2825187
"201509","台北市","南港區萬福里",1475350
"201509","台北市","南港區西新里",1693128
"201509","台北市","南港區新富里",1010563
"201509","台北市","南港區新光里",1149453
"201509","台北市","南港區玉成里",1981200
"201509","台北市","南港區中南里",827363
"201509","台北市","南港區中研里",1854429
"201509","台北市","南港區重陽里",2432934
"201509","台北市","內湖區安湖里",1753290
"201509","台北市","內湖區安泰里",1290518
"201509","台北市","內湖區寶湖里",4003817
"201509","台北市","內湖區碧山里",1860837
"201509","台北市","內湖區大湖里",2086421
"201509","台北市","內湖區東湖里",1853133
"201509","台北市","內湖區港都里",1847016
"201509","台北市","內湖區港富里",3387214
"201509","台北市","內湖區港華里",2635085
"201509","台北市","內湖區港墘里",3228509
"201509","台北市","內湖區湖濱里",3292562
"201509","台北市","內湖區湖興里",2921890
"201509","台北市","內湖區湖元里",4949551
"201509","台北市","內湖區葫洲里",1943733
"201509","台北市","內湖區金湖里",4008002
"201509","台北市","內湖區金龍里",1617786
"201509","台北市","內湖區金瑞里",1677837
"201509","台北市","內湖區康寧里",2770397
"201509","台北市","內湖區樂康里",1827155
"201509","台北市","內湖區麗山里",2294235
"201509","台北市","內湖區蘆洲里",333575
"201509","台北市","內湖區明湖里",1324680
"201509","台北市","內湖區南湖里",1279655
"201509","台北市","內湖區內溝里",1104495
"201509","台北市","內湖區內湖里",2208335
"201509","台北市","內湖區清白里",2936018
"201509","台北市","內湖區瑞光里",1616796
"201509","台北市","內湖區瑞陽里",2876830
"201509","台北市","內湖區石潭里",2410333
"201509","台北市","內湖區五分里",2350859
"201509","台北市","內湖區西安里",2197791
"201509","台北市","內湖區西湖里",3522271
"201509","台北市","內湖區西康里",4300491
"201509","台北市","內湖區行善里",2699591
"201509","台北市","內湖區秀湖里",1720571
"201509","台北市","內湖區週美里",3767850
"201509","台北市","內湖區紫星里",2044793
"201509","台北市","內湖區紫陽里",2913377
"201509","台北市","內湖區紫雲里",1433244
"201509","台北市","士林區百齡里",2119150
"201509","台北市","士林區承德里",2898897
"201509","台北市","士林區翠山里",671687
"201509","台北市","士林區德華里",1957727
"201509","台北市","士林區德行里",1718262
"201509","台北市","士林區東山里",1886652
"201509","台北市","士林區福安里",1304735
"201509","台北市","士林區福德里",2539241
"201509","台北市","士林區福華里",1975875
"201509","台北市","士林區福佳里",3218622
"201509","台北市","士林區福林里",1407074
"201509","台北市","士林區福順里",1957388
"201509","台北市","士林區福志里",2792947
"201509","台北市","士林區福中里",2358020
"201509","台北市","士林區富光里",1967070
"201509","台北市","士林區富洲里",1631137
"201509","台北市","士林區公館里",503836
"201509","台北市","士林區後港里",2965474
"201509","台北市","士林區葫東里",1421816
"201509","台北市","士林區葫蘆里",2557221
"201509","台北市","士林區菁山里",510455
"201509","台北市","士林區舊佳里",2102459
"201509","台北市","士林區蘭興里",2573730
"201509","台北市","士林區蘭雅里",3445453
"201509","台北市","士林區臨溪里",1857338
"201509","台北市","士林區名山里",2304853
"201509","台北市","士林區明勝里",1795784
"201509","台北市","士林區平等里",372279
"201509","台北市","士林區前港里",1612639
"201509","台北市","士林區仁勇里",1989259
"201509","台北市","士林區三玉里",2498304
"201509","台北市","士林區社新里",3277928
"201509","台北市","士林區社園里",2399521
"201509","台北市","士林區社子里",2294625
"201509","台北市","士林區聖山里",1794012
"201509","台北市","士林區天福里",2536181
"201509","台北市","士林區天和里",2706999
"201509","台北市","士林區天祿里",2246649
"201509","台北市","士林區天母里",3535891
"201509","台北市","士林區天山里",2974745
"201509","台北市","士林區天壽里",2671825
"201509","台北市","士林區天玉里",3924054
"201509","台北市","士林區溪山里",463985
"201509","台北市","士林區新安里",854951
"201509","台北市","士林區岩山里",1236750
"201509","台北市","士林區陽明里",1958744
"201509","台北市","士林區義信里",1735759
"201509","台北市","士林區永福里",1007052
"201509","台北市","士林區永倫里",2647342
"201509","台北市","士林區芝山里",3013710
"201509","台北市","士林區忠誠里",2240832
"201509","台北市","松山區安平里",3255622
"201509","台北市","松山區慈祐里",3133819
"201509","台北市","松山區東昌里",1120711
"201509","台北市","松山區東光里",2553050
"201509","台北市","松山區東榮里",3666241
"201509","台北市","松山區東勢里",1548670
"201509","台北市","松山區敦化里",2668405
"201509","台北市","松山區福成里",899303
"201509","台北市","松山區富錦里",2278735
"201509","台北市","松山區富泰里",1578532
"201509","台北市","松山區復建里",1550135
"201509","台北市","松山區復盛里",2333991
"201509","台北市","松山區復勢里",2273403
"201509","台北市","松山區復源里",1065176
"201509","台北市","松山區吉仁里",1416451
"201509","台北市","松山區吉祥里",3571388
"201509","台北市","松山區介壽里",1403994
"201509","台北市","松山區精忠里",1872681
"201509","台北市","松山區龍田里",3132365
"201509","台北市","松山區美仁里",1046733
"201509","台北市","松山區民福里",3086693
"201509","台北市","松山區民有里",5202693
"201509","台北市","松山區鵬程里",1565059
"201509","台北市","松山區三民里",2778926
"201509","台北市","松山區松基里",2287210
"201509","台北市","松山區新東里",1795931
"201509","台北市","松山區新聚里",3300369
"201509","台北市","松山區新益里",1600074
"201509","台北市","松山區中華里",2855492
"201509","台北市","松山區中崙里",1456516
"201509","台北市","松山區中正里",4234581
"201509","台北市","松山區莊敬里",1743501
"201509","台北市","松山區自強里",2575407
"201509","台北市","萬華區保德里",1032521
"201509","台北市","萬華區菜園里",2188148
"201509","台北市","萬華區頂碩里",2605648
"201509","台北市","萬華區福星里",2388259
"201509","台北市","萬華區福音里",1366856
"201509","台北市","萬華區富福里",1808784
"201509","台北市","萬華區富民里",2129651
"201509","台北市","萬華區和德里",2165474
"201509","台北市","萬華區和平里",2095686
"201509","台北市","萬華區華江里",3050282
"201509","台北市","萬華區華中里",2025741
"201509","台北市","萬華區錦德里",2070777
"201509","台北市","萬華區凌霄里",1161828
"201509","台北市","萬華區柳鄉里",1864825
"201509","台北市","萬華區綠堤里",1426351
"201509","台北市","萬華區銘德里",1424656
"201509","台北市","萬華區青山里",3013054
"201509","台北市","萬華區全德里",1222125
"201509","台北市","萬華區仁德里",2098196
"201509","台北市","萬華區日善里",1116726
"201509","台北市","萬華區日祥里",1611437
"201509","台北市","萬華區榮德里",1131458
"201509","台北市","萬華區壽德里",1475564
"201509","台北市","萬華區雙園里",1613207
"201509","台北市","萬華區糖廍里",2266645
"201509","台北市","萬華區騰雲里",1030296
"201509","台北市","萬華區萬壽里",2031620
"201509","台北市","萬華區西門里",2122169
"201509","台北市","萬華區孝德里",1058626
"201509","台北市","萬華區新安里",1657310
"201509","台北市","萬華區新和里",2625140
"201509","台北市","萬華區新起里",3087286
"201509","台北市","萬華區新忠里",1083779
"201509","台北市","萬華區興德里",1501028
"201509","台北市","萬華區忠德里",1554085
"201509","台北市","萬華區忠貞里",1420515
"201509","台北市","文山區博嘉里",1859858
"201509","台北市","文山區華興里",3427842
"201509","台北市","文山區景東里",1690270
"201509","台北市","文山區景華里",1606209
"201509","台北市","文山區景美里",1081264
"201509","台北市","文山區景慶里",1207498
"201509","台北市","文山區景仁里",1276003
"201509","台北市","文山區景行里",2225184
"201509","台北市","文山區老泉里",242881
"201509","台北市","文山區明興里",2133231
"201509","台北市","文山區明義里",1410539
"201509","台北市","文山區木柵里",3320891
"201509","台北市","文山區木新里",3000670
"201509","台北市","文山區試院里",2573055
"201509","台北市","文山區順興里",2329150
"201509","台北市","文山區萬芳里",2819998
"201509","台北市","文山區萬和里",1051704
"201509","台北市","文山區萬隆里",1805092
"201509","台北市","文山區萬美里",2442904
"201509","台北市","文山區萬年里",1376601
"201509","台北市","文山區萬盛里",1437874
"201509","台北市","文山區萬祥里",1387759
"201509","台北市","文山區萬興里",2851845
"201509","台北市","文山區萬有里",1462691
"201509","台北市","文山區興安里",2000342
"201509","台北市","文山區興邦里",1310601
"201509","台北市","文山區興昌里",2048138
"201509","台北市","文山區興得里",1874578
"201509","台北市","文山區興豐里",1394386
"201509","台北市","文山區興福里",1425158
"201509","台北市","文山區興光里",1196724
"201509","台北市","文山區興家里",2074915
"201509","台北市","文山區興泰里",1317538
"201509","台北市","文山區興旺里",2118042
"201509","台北市","文山區興業里",1685781
"201509","台北市","文山區樟腳里",1809253
"201509","台北市","文山區樟林里",1860722
"201509","台北市","文山區樟樹里",1565426
"201509","台北市","文山區樟文里",2059018
"201509","台北市","文山區樟新里",1806053
"201509","台北市","文山區政大里",2746620
"201509","台北市","文山區指南里",1137138
"201509","台北市","文山區忠順里",1573254
"201509","台北市","信義區安康里",6739048
"201509","台北市","信義區大道里",2439953
"201509","台北市","信義區大仁里",1417882
"201509","台北市","信義區敦厚里",2402720
"201509","台北市","信義區富台里",1970789
"201509","台北市","信義區廣居里",2863739
"201509","台北市","信義區國業里",2609063
"201509","台北市","信義區惠安里",1971152
"201509","台北市","信義區嘉興里",1278738
"201509","台北市","信義區景聯里",1931529
"201509","台北市","信義區景勤里",1427544
"201509","台北市","信義區景新里",2629630
"201509","台北市","信義區黎安里",312135
"201509","台北市","信義區黎平里",2890036
"201509","台北市","信義區黎順里",1827258
"201509","台北市","信義區黎忠里",1649703
"201509","台北市","信義區六合里",2322775
"201509","台北市","信義區六藝里",1400311
"201509","台北市","信義區三犁里",2407799
"201509","台北市","信義區三張里",3405204
"201509","台北市","信義區雙和里",2445166
"201509","台北市","信義區四維里",1950729
"201509","台北市","信義區四育里",2010896
"201509","台北市","信義區松光里",2080758
"201509","台北市","信義區松隆里",666061
"201509","台北市","信義區松友里",1985854
"201509","台北市","信義區泰和里",2322783
"201509","台北市","信義區五常里",1308306
"201509","台北市","信義區五全里",2103164
"201509","台北市","信義區西村里",1122394
"201509","台北市","信義區新仁里",1721091
"201509","台北市","信義區興隆里",1288624
"201509","台北市","信義區興雅里",2901190
"201509","台北市","信義區雅祥里",1596546
"201509","台北市","信義區永春里",2087028
"201509","台北市","信義區永吉里",1643364
"201509","台北市","信義區長春里",1966524
"201509","台北市","信義區正和里",1595071
"201509","台北市","信義區中坡里",1577210
"201509","台北市","信義區中行里",2554229
"201509","台北市","信義區中興里",2081725
"201509","台北市","中山區北安里",837585
"201509","台北市","中山區成功里",5086738
"201509","台北市","中山區大佳里",315479
"201509","台北市","中山區大直里",3796558
"201509","台北市","中山區復華里",2659346
"201509","台北市","中山區恆安里",3264808
"201509","台北市","中山區集英里",3371292
"201509","台北市","中山區劍潭里",1275718
"201509","台北市","中山區江寧里",3255013
"201509","台北市","中山區江山里",3561189
"201509","台北市","中山區金泰里",4613898
"201509","台北市","中山區聚盛里",2741226
"201509","台北市","中山區聚葉里",2127947
"201509","台北市","中山區康樂里",1943296
"201509","台北市","中山區力行里",3772198
"201509","台北市","中山區龍洲里",1556967
"201509","台北市","中山區民安里",2953115
"201509","台北市","中山區埤頭里",1376334
"201509","台北市","中山區晴光里",3729827
"201509","台北市","中山區松江里",3384344
"201509","台北市","中山區下埤里",2973588
"201509","台北市","中山區新福里",2486122
"201509","台北市","中山區新生里",2645576
"201509","台北市","中山區新喜里",2029167
"201509","台北市","中山區新庄里",2320523
"201509","台北市","中山區行仁里",2913987
"201509","台北市","中山區行孝里",1475731
"201509","台北市","中山區行政里",2454678
"201509","台北市","中山區興亞里",2875358
"201509","台北市","中山區永安里",4247306
"201509","台北市","中山區圓山里",2060319
"201509","台北市","中山區正得里",2571740
"201509","台北市","中山區正守里",1590632
"201509","台北市","中山區正義里",3678398
"201509","台北市","中山區中吉里",3330960
"201509","台北市","中山區中山里",4325853
"201509","台北市","中山區中央里",1890870
"201509","台北市","中山區中原里",2760311
"201509","台北市","中山區中庄里",3089536
"201509","台北市","中山區朱馥里",2608478
"201509","台北市","中山區朱崙里",1558030
"201509","台北市","中山區朱園里",2724120
"201509","台北市","中正區愛國里",1105108
"201509","台北市","中正區板溪里",1463663
"201509","台北市","中正區頂東里",2474191
"201509","台北市","中正區東門里",1206417
"201509","台北市","中正區富水里",570556
"201509","台北市","中正區光復里",2918735
"201509","台北市","中正區河堤里",1759247
"201509","台北市","中正區建國里",548646
"201509","台北市","中正區黎明里",3191650
"201509","台北市","中正區林興里",1430434
"201509","台北市","中正區龍福里",1583168
"201509","台北市","中正區龍光里",868126
"201509","台北市","中正區龍興里",820520
"201509","台北市","中正區梅花里",2329901
"201509","台北市","中正區南福里",3286074
"201509","台北市","中正區南門里",996206
"201509","台北市","中正區三愛里",3854152
"201509","台北市","中正區廈安里",1100927
"201509","台北市","中正區水源里",1421172
"201509","台北市","中正區網溪里",1898912
"201509","台北市","中正區文北里",2674042
"201509","台北市","中正區文盛里",1038253
"201509","台北市","中正區文祥里",2565790
"201509","台北市","中正區新營里",2998578
"201509","台北市","中正區幸福里",2338830
"201509","台北市","中正區幸市里",2441184
"201509","台北市","中正區螢圃里",2094863
"201509","台北市","中正區螢雪里",1616510
"201509","台北市","中正區永昌里",1494729
"201509","台北市","中正區永功里",1670998
"201509","台北市","中正區忠勤里",2144654
"201511","台北市","北投區八仙里",1177659
"201511","台北市","北投區大同里",1251240
"201511","台北市","北投區大屯里",341759
"201511","台北市","北投區稻香里",949604
"201511","台北市","北投區東華里",822405
"201511","台北市","北投區豐年里",686274
"201511","台北市","北投區福興里",1227944
"201511","台北市","北投區關渡里",2477463
"201511","台北市","北投區湖山里",513566
"201511","台北市","北投區湖田里",194081
"201511","台北市","北投區吉利里",1016432
"201511","台北市","北投區吉慶里",880308
"201511","台北市","北投區建民里",854124
"201511","台北市","北投區開明里",1622804
"201511","台北市","北投區立農里",1557505
"201511","台北市","北投區立賢里",1019562
"201511","台北市","北投區林泉里",848668
"201511","台北市","北投區奇岩里",2625484
"201511","台北市","北投區清江里",1602202
"201511","台北市","北投區泉源里",662195
"201511","台北市","北投區榮光里",1191823
"201511","台北市","北投區榮華里",1797204
"201511","台北市","北投區石牌里",1331249
"201511","台北市","北投區桃源里",943482
"201511","台北市","北投區溫泉里",1622174
"201511","台北市","北投區文化里",925182
"201511","台北市","北投區文林里",983000
"201511","台北市","北投區秀山里",663883
"201511","台北市","北投區一德里",1730539
"201511","台北市","北投區永和里",2402877
"201511","台北市","北投區永明里",913177
"201511","台北市","北投區永欣里",1597729
"201511","台北市","北投區裕民里",1713137
"201511","台北市","北投區長安里",1548995
"201511","台北市","北投區振華里",1547334
"201511","台北市","北投區智仁里",1063241
"201511","台北市","北投區中和里",1404352
"201511","台北市","北投區中心里",1685114
"201511","台北市","北投區中央里",2360224
"201511","台北市","北投區中庸里",750173
"201511","台北市","北投區洲美里",272693
"201511","台北市","北投區尊賢里",749811
"201511","台北市","大安區昌隆里",988025
"201511","台北市","大安區車層里",2443669
"201511","台北市","大安區誠安里",1399710
"201511","台北市","大安區大學里",1795620
"201511","台北市","大安區德安里",1648234
"201511","台北市","大安區敦安里",2258844
"201511","台北市","大安區敦煌里",2059668
"201511","台北市","大安區法治里",1386105
"201511","台北市","大安區芳和里",1227085
"201511","台北市","大安區福住里",1682870
"201511","台北市","大安區古風里",1213098
"201511","台北市","大安區古莊里",2348223
"201511","台北市","大安區光明里",839047
"201511","台北市","大安區光武里",3095286
"201511","台北市","大安區光信里",2432037
"201511","台北市","大安區和安里",1518615
"201511","台北市","大安區虎嘯里",1339567
"201511","台北市","大安區華聲里",1232069
"201511","台北市","大安區建安里",2308716
"201511","台北市","大安區建倫里",2897159
"201511","台北市","大安區錦安里",1594326
"201511","台北市","大安區錦華里",1405470
"201511","台北市","大安區錦泰里",677792
"201511","台北市","大安區黎和里",946708
"201511","台北市","大安區黎孝里",1616922
"201511","台北市","大安區黎元里",1089166
"201511","台北市","大安區臨江里",1347800
"201511","台北市","大安區龍安里",1367458
"201511","台北市","大安區龍門里",1256056
"201511","台北市","大安區龍坡里",637327
"201511","台北市","大安區龍泉里",1420390
"201511","台北市","大安區龍生里",1685103
"201511","台北市","大安區龍圖里",2119845
"201511","台北市","大安區龍淵里",2046762
"201511","台北市","大安區龍雲里",1391104
"201511","台北市","大安區龍陣里",1182968
"201511","台北市","大安區民輝里",2988425
"201511","台北市","大安區民炤里",2318003
"201511","台北市","大安區全安里",1668796
"201511","台北市","大安區群賢里",1806858
"201511","台北市","大安區群英里",1193433
"201511","台北市","大安區仁愛里",2457480
"201511","台北市","大安區仁慈里",1449587
"201511","台北市","大安區通安里",1760056
"201511","台北市","大安區通化里",2106516
"201511","台北市","大安區臥龍里",704150
"201511","台北市","大安區新龍里",1470690
"201511","台北市","大安區學府里",489433
"201511","台北市","大安區義安里",2104706
"201511","台北市","大安區義村里",1651609
"201511","台北市","大安區永康里",1011532
"201511","台北市","大安區正聲里",1470369
"201511","台北市","大安區住安里",1542614
"201511","台北市","大同區保安里",1178784
"201511","台北市","大同區朝陽里",1547805
"201511","台北市","大同區大有里",1299914
"201511","台北市","大同區光能里",1299275
"201511","台北市","大同區國慶里",1333909
"201511","台北市","大同區國順里",565299
"201511","台北市","大同區建功里",1359773
"201511","台北市","大同區建明里",1561028
"201511","台北市","大同區建泰里",1368662
"201511","台北市","大同區景星里",644443
"201511","台北市","大同區老師里",1372817
"201511","台北市","大同區鄰江里",1577728
"201511","台北市","大同區隆和里",802523
"201511","台北市","大同區民權里",1938075
"201511","台北市","大同區南芳里",1027629
"201511","台北市","大同區蓬萊里",1254265
"201511","台北市","大同區雙連里",2427631
"201511","台北市","大同區斯文里",1349895
"201511","台北市","大同區星明里",1874036
"201511","台北市","大同區延平里",1078899
"201511","台北市","大同區揚雅里",820296
"201511","台北市","大同區永樂里",2056620
"201511","台北市","大同區玉泉里",967384
"201511","台北市","大同區至聖里",2268594
"201511","台北市","大同區重慶里",1668840
"201511","台北市","南港區百福里",1115713
"201511","台北市","南港區成福里",1548574
"201511","台北市","南港區東明里",1383279
"201511","台北市","南港區東新里",1642221
"201511","台北市","南港區合成里",1748790
"201511","台北市","南港區鴻福里",1011346
"201511","台北市","南港區九如里",1210498
"201511","台北市","南港區舊莊里",1367051
"201511","台北市","南港區聯成里",1241040
"201511","台北市","南港區南港里",2426115
"201511","台北市","南港區仁福里",1110156
"201511","台北市","南港區三重里",2022218
"201511","台北市","南港區萬福里",1040245
"201511","台北市","南港區西新里",1224629
"201511","台北市","南港區新富里",701950
"201511","台北市","南港區新光里",867413
"201511","台北市","南港區玉成里",1416276
"201511","台北市","南港區中南里",627198
"201511","台北市","南港區中研里",1356045
"201511","台北市","南港區重陽里",1728879
"201511","台北市","內湖區安湖里",1213587
"201511","台北市","內湖區安泰里",980870
"201511","台北市","內湖區寶湖里",2696536
"201511","台北市","內湖區碧山里",1307889
"201511","台北市","內湖區大湖里",1545551
"201511","台北市","內湖區東湖里",1280783
"201511","台北市","內湖區港都里",1379606
"201511","台北市","內湖區港富里",2371163
"201511","台北市","內湖區港華里",1920445
"201511","台北市","內湖區港墘里",2424370
"201511","台北市","內湖區湖濱里",2344069
"201511","台北市","內湖區湖興里",2058475
"201511","台北市","內湖區湖元里",3918744
"201511","台北市","內湖區葫洲里",1364821
"201511","台北市","內湖區金湖里",2631946
"201511","台北市","內湖區金龍里",1107908
"201511","台北市","內湖區金瑞里",1181787
"201511","台北市","內湖區康寧里",1864534
"201511","台北市","內湖區樂康里",1268147
"201511","台北市","內湖區麗山里",1647623
"201511","台北市","內湖區蘆洲里",244941
"201511","台北市","內湖區明湖里",879043
"201511","台北市","內湖區南湖里",915895
"201511","台北市","內湖區內溝里",851826
"201511","台北市","內湖區內湖里",1544813
"201511","台北市","內湖區清白里",2034622
"201511","台北市","內湖區瑞光里",1128386
"201511","台北市","內湖區瑞陽里",2031249
"201511","台北市","內湖區石潭里",1801144
"201511","台北市","內湖區五分里",1625028
"201511","台北市","內湖區西安里",1618378
"201511","台北市","內湖區西湖里",2692573
"201511","台北市","內湖區西康里",3204055
"201511","台北市","內湖區行善里",1913713
"201511","台北市","內湖區秀湖里",1286934
"201511","台北市","內湖區週美里",2728875
"201511","台北市","內湖區紫星里",1364831
"201511","台北市","內湖區紫陽里",2039383
"201511","台北市","內湖區紫雲里",1003019
"201511","台北市","士林區百齡里",1440187
"201511","台北市","士林區承德里",2062108
"201511","台北市","士林區翠山里",591710
"201511","台北市","士林區德華里",1322494
"201511","台北市","士林區德行里",1183087
"201511","台北市","士林區東山里",1401309
"201511","台北市","士林區福安里",992892
"201511","台北市","士林區福德里",1890752
"201511","台北市","士林區福華里",1415128
"201511","台北市","士林區福佳里",2278028
"201511","台北市","士林區福林里",1044587
"201511","台北市","士林區福順里",1370443
"201511","台北市","士林區福志里",2063869
"201511","台北市","士林區福中里",1662281
"201511","台北市","士林區富光里",1343813
"201511","台北市","士林區富洲里",1191109
"201511","台北市","士林區公館里",467780
"201511","台北市","士林區後港里",2124074
"201511","台北市","士林區葫東里",1029428
"201511","台北市","士林區葫蘆里",1774926
"201511","台北市","士林區菁山里",496460
"201511","台北市","士林區舊佳里",1577514
"201511","台北市","士林區蘭興里",1621402
"201511","台北市","士林區蘭雅里",2313119
"201511","台北市","士林區臨溪里",1417181
"201511","台北市","士林區名山里",1776265
"201511","台北市","士林區明勝里",1325845
"201511","台北市","士林區平等里",341580
"201511","台北市","士林區前港里",1169841
"201511","台北市","士林區仁勇里",1512635
"201511","台北市","士林區三玉里",1669565
"201511","台北市","士林區社新里",2216982
"201511","台北市","士林區社園里",1691734
"201511","台北市","士林區社子里",1586549
"201511","台北市","士林區聖山里",1199825
"201511","台北市","士林區天福里",1659231
"201511","台北市","士林區天和里",1857836
"201511","台北市","士林區天祿里",1559188
"201511","台北市","士林區天母里",2483417
"201511","台北市","士林區天山里",2003322
"201511","台北市","士林區天壽里",1745538
"201511","台北市","士林區天玉里",2607258
"201511","台北市","士林區溪山里",423529
"201511","台北市","士林區新安里",771526
"201511","台北市","士林區岩山里",921439
"201511","台北市","士林區陽明里",2402505
"201511","台北市","士林區義信里",1285567
"201511","台北市","士林區永福里",849925
"201511","台北市","士林區永倫里",1841855
"201511","台北市","士林區芝山里",2144318
"201511","台北市","士林區忠誠里",1661685
"201511","台北市","松山區安平里",2200149
"201511","台北市","松山區慈祐里",2406332
"201511","台北市","松山區東昌里",741379
"201511","台北市","松山區東光里",1721581
"201511","台北市","松山區東榮里",2488458
"201511","台北市","松山區東勢里",1054938
"201511","台北市","松山區敦化里",1997445
"201511","台北市","松山區福成里",600318
"201511","台北市","松山區富錦里",1533997
"201511","台北市","松山區富泰里",1160591
"201511","台北市","松山區復建里",1156891
"201511","台北市","松山區復盛里",1551407
"201511","台北市","松山區復勢里",1576479
"201511","台北市","松山區復源里",779260
"201511","台北市","松山區吉仁里",1044587
"201511","台北市","松山區吉祥里",2484900
"201511","台北市","松山區介壽里",1055019
"201511","台北市","松山區精忠里",1313955
"201511","台北市","松山區龍田里",2134198
"201511","台北市","松山區美仁里",719360
"201511","台北市","松山區民福里",2115795
"201511","台北市","松山區民有里",3760522
"201511","台北市","松山區鵬程里",1044474
"201511","台北市","松山區三民里",1979421
"201511","台北市","松山區松基里",1839850
"201511","台北市","松山區新東里",1296629
"201511","台北市","松山區新聚里",2194064
"201511","台北市","松山區新益里",1085165
"201511","台北市","松山區中華里",1977817
"201511","台北市","松山區中崙里",1023469
"201511","台北市","松山區中正里",3220798
"201511","台北市","松山區莊敬里",1194468
"201511","台北市","松山區自強里",1694078
"201511","台北市","萬華區保德里",711805
"201511","台北市","萬華區菜園里",1523308
"201511","台北市","萬華區頂碩里",1830810
"201511","台北市","萬華區福星里",1655896
"201511","台北市","萬華區福音里",934019
"201511","台北市","萬華區富福里",1242858
"201511","台北市","萬華區富民里",1459862
"201511","台北市","萬華區和德里",1376555
"201511","台北市","萬華區和平里",1310423
"201511","台北市","萬華區華江里",2022196
"201511","台北市","萬華區華中里",1369280
"201511","台北市","萬華區錦德里",1442750
"201511","台北市","萬華區凌霄里",836712
"201511","台北市","萬華區柳鄉里",1263657
"201511","台北市","萬華區綠堤里",944498
"201511","台北市","萬華區銘德里",950492
"201511","台北市","萬華區青山里",2113987
"201511","台北市","萬華區全德里",809784
"201511","台北市","萬華區仁德里",1444346
"201511","台北市","萬華區日善里",759247
"201511","台北市","萬華區日祥里",1093787
"201511","台北市","萬華區榮德里",787967
"201511","台北市","萬華區壽德里",993215
"201511","台北市","萬華區雙園里",1115561
"201511","台北市","萬華區糖廍里",1534167
"201511","台北市","萬華區騰雲里",714565
"201511","台北市","萬華區萬壽里",1587909
"201511","台北市","萬華區西門里",1653539
"201511","台北市","萬華區孝德里",720546
"201511","台北市","萬華區新安里",1150986
"201511","台北市","萬華區新和里",1759637
"201511","台北市","萬華區新起里",2150196
"201511","台北市","萬華區新忠里",737021
"201511","台北市","萬華區興德里",1020141
"201511","台北市","萬華區忠德里",1081509
"201511","台北市","萬華區忠貞里",1002906
"201511","台北市","文山區博嘉里",1410919
"201511","台北市","文山區華興里",2701312
"201511","台北市","文山區景東里",1183820
"201511","台北市","文山區景華里",1083020
"201511","台北市","文山區景美里",783429
"201511","台北市","文山區景慶里",883848
"201511","台北市","文山區景仁里",903673
"201511","台北市","文山區景行里",1640094
"201511","台北市","文山區老泉里",200157
"201511","台北市","文山區明興里",1544348
"201511","台北市","文山區明義里",994697
"201511","台北市","文山區木柵里",2365270
"201511","台北市","文山區木新里",2118476
"201511","台北市","文山區試院里",1943023
"201511","台北市","文山區順興里",1695957
"201511","台北市","文山區萬芳里",2051918
"201511","台北市","文山區萬和里",807617
"201511","台北市","文山區萬隆里",1254917
"201511","台北市","文山區萬美里",1778531
"201511","台北市","文山區萬年里",1083871
"201511","台北市","文山區萬盛里",1038661
"201511","台北市","文山區萬祥里",939785
"201511","台北市","文山區萬興里",2225038
"201511","台北市","文山區萬有里",1003056
"201511","台北市","文山區興安里",1353506
"201511","台北市","文山區興邦里",917775
"201511","台北市","文山區興昌里",1472480
"201511","台北市","文山區興得里",1309458
"201511","台北市","文山區興豐里",962989
"201511","台北市","文山區興福里",930285
"201511","台北市","文山區興光里",865668
"201511","台北市","文山區興家里",1576612
"201511","台北市","文山區興泰里",962814
"201511","台北市","文山區興旺里",1523091
"201511","台北市","文山區興業里",1120051
"201511","台北市","文山區樟腳里",1354474
"201511","台北市","文山區樟林里",1338014
"201511","台北市","文山區樟樹里",1126599
"201511","台北市","文山區樟文里",1471321
"201511","台北市","文山區樟新里",1323908
"201511","台北市","文山區政大里",2174115
"201511","台北市","文山區指南里",994559
"201511","台北市","文山區忠順里",1126797
"201511","台北市","信義區安康里",4794883
"201511","台北市","信義區大道里",1692666
"201511","台北市","信義區大仁里",992105
"201511","台北市","信義區敦厚里",1697541
"201511","台北市","信義區富台里",1396551
"201511","台北市","信義區廣居里",2112224
"201511","台北市","信義區國業里",1823404
"201511","台北市","信義區惠安里",1413885
"201511","台北市","信義區嘉興里",908619
"201511","台北市","信義區景聯里",1369432
"201511","台北市","信義區景勤里",1017685
"201511","台北市","信義區景新里",1762579
"201511","台北市","信義區黎安里",234459
"201511","台北市","信義區黎平里",2046235
"201511","台北市","信義區黎順里",1310938
"201511","台北市","信義區黎忠里",1154793
"201511","台北市","信義區六合里",1731348
"201511","台北市","信義區六藝里",990483
"201511","台北市","信義區三犁里",1673006
"201511","台北市","信義區三張里",2333233
"201511","台北市","信義區雙和里",1760441
"201511","台北市","信義區四維里",1355473
"201511","台北市","信義區四育里",1400058
"201511","台北市","信義區松光里",1453197
"201511","台北市","信義區松隆里",510891
"201511","台北市","信義區松友里",1428607
"201511","台北市","信義區泰和里",1707356
"201511","台北市","信義區五常里",972895
"201511","台北市","信義區五全里",1464747
"201511","台北市","信義區西村里",762681
"201511","台北市","信義區新仁里",1251851
"201511","台北市","信義區興隆里",922503
"201511","台北市","信義區興雅里",2058156
"201511","台北市","信義區雅祥里",1054122
"201511","台北市","信義區永春里",1514648
"201511","台北市","信義區永吉里",1206544
"201511","台北市","信義區長春里",1419721
"201511","台北市","信義區正和里",1098498
"201511","台北市","信義區中坡里",1110395
"201511","台北市","信義區中行里",1773207
"201511","台北市","信義區中興里",1548314
"201511","台北市","中山區北安里",615882
"201511","台北市","中山區成功里",3685123
"201511","台北市","中山區大佳里",241122
"201511","台北市","中山區大直里",2742916
"201511","台北市","中山區復華里",1958730
"201511","台北市","中山區恆安里",2490099
"201511","台北市","中山區集英里",2457812
"201511","台北市","中山區劍潭里",962323
"201511","台北市","中山區江寧里",2313632
"201511","台北市","中山區江山里",2571057
"201511","台北市","中山區金泰里",3249600
"201511","台北市","中山區聚盛里",1965889
"201511","台北市","中山區聚葉里",1519603
"201511","台北市","中山區康樂里",1566131
"201511","台北市","中山區力行里",2767831
"201511","台北市","中山區龍洲里",1142674
"201511","台北市","中山區民安里",2122752
"201511","台北市","中山區埤頭里",987040
"201511","台北市","中山區晴光里",2812288
"201511","台北市","中山區松江里",2401885
"201511","台北市","中山區下埤里",2018365
"201511","台北市","中山區新福里",1789317
"201511","台北市","中山區新生里",1882594
"201511","台北市","中山區新喜里",1373483
"201511","台北市","中山區新庄里",1597165
"201511","台北市","中山區行仁里",1982765
"201511","台北市","中山區行孝里",1001128
"201511","台北市","中山區行政里",1688349
"201511","台北市","中山區興亞里",2056506
"201511","台北市","中山區永安里",2923000
"201511","台北市","中山區圓山里",1454790
"201511","台北市","中山區正得里",1833387
"201511","台北市","中山區正守里",1154453
"201511","台北市","中山區正義里",2776029
"201511","台北市","中山區中吉里",2467941
"201511","台北市","中山區中山里",3190080
"201511","台北市","中山區中央里",1367578
"201511","台北市","中山區中原里",1978808
"201511","台北市","中山區中庄里",2255150
"201511","台北市","中山區朱馥里",1941924
"201511","台北市","中山區朱崙里",1142177
"201511","台北市","中山區朱園里",1948202
"201511","台北市","中正區愛國里",779944
"201511","台北市","中正區板溪里",1011376
"201511","台北市","中正區頂東里",1870416
"201511","台北市","中正區東門里",783762
"201511","台北市","中正區富水里",392112
"201511","台北市","中正區光復里",2205419
"201511","台北市","中正區河堤里",1338900
"201511","台北市","中正區建國里",417387
"201511","台北市","中正區黎明里",2577650
"201511","台北市","中正區林興里",970401
"201511","台北市","中正區龍福里",1039712
"201511","台北市","中正區龍光里",562324
"201511","台北市","中正區龍興里",510121
"201511","台北市","中正區梅花里",1774017
"201511","台北市","中正區南福里",2098903
"201511","台北市","中正區南門里",699536
"201511","台北市","中正區三愛里",2802969
"201511","台北市","中正區廈安里",791184
"201511","台北市","中正區水源里",1007845
"201511","台北市","中正區網溪里",1315032
"201511","台北市","中正區文北里",1844529
"201511","台北市","中正區文盛里",739305
"201511","台北市","中正區文祥里",1807323
"201511","台北市","中正區新營里",2160127
"201511","台北市","中正區幸福里",1596752
"201511","台北市","中正區幸市里",1732758
"201511","台北市","中正區螢圃里",1482535
"201511","台北市","中正區螢雪里",1181693
"201511","台北市","中正區永昌里",961496
"201511","台北市","中正區永功里",1084399
"201511","台北市","中正區忠勤里",1483776
