"","市","區","里","count"
"1","新北市","三芝區","茂長里",50
"2","新北市","三芝區","埔坪里",285
"3","新北市","三芝區","埔頭里",444
"4","新北市","三芝區","海尾里",1
"5","新北市","三重區","?7德里",4
"6","新北市","三重區","二重里",57
"7","新北市","三重區","三民里",7
"8","新北市","三重區","三安里",107
"9","新北市","三重區","大同里",111
"10","新北市","三重區","大安里",18
"11","新北市","三重區","大有里",1051
"12","新北市","三重區","大園里",479
"13","新北市","三重區","大德里",8
"14","新北市","三重區","中山里",295
"15","新北市","三重區","中央里",772
"16","新北市","三重區","中正里",33
"17","新北市","三重區","中民里",26
"18","新北市","三重區","中興里",172
"19","新北市","三重區","五谷里",102
"20","新北市","三重區","五常里",66
"21","新北市","三重區","五華里",24
"22","新北市","三重區","五順里",906
"23","新北市","三重區","五福里",313
"24","新北市","三重區","仁華里",678
"25","新北市","三重區","仁義里",483
"26","新北市","三重區","仁德里",256
"27","新北市","三重區","介壽里",62
"28","新北市","三重區","六合里",8
"29","新北市","三重區","六福里",105
"30","新北市","三重區","文化里",192
"31","新北市","三重區","平和里",11
"32","新北市","三重區","正安里",201
"33","新北市","三重區","正義里",21
"34","新北市","三重區","正德里",44
"35","新北市","三重區","民生里",875
"36","新北市","三重區","永吉里",1007
"37","新北市","三重區","永春里",108
"38","新北市","三重區","永盛里",20
"39","新北市","三重區","永發里",832
"40","新北市","三重區","永順里",581
"41","新北市","三重區","永煇里",477
"42","新北市","三重區","永福里",50
"43","新北市","三重區","永德里",321
"44","新北市","三重區","永褔里",1
"45","新北市","三重區","永興里",129
"46","新北市","三重區","永豐里",214
"47","新北市","三重區","田中里",46
"48","新北市","三重區","田心里",656
"49","新北市","三重區","田安里",867
"50","新北市","三重區","立德里",6
"51","新北市","三重區","光正里",343
"52","新北市","三重區","光田里",167
"53","新北市","三重區","光明里",371
"54","新北市","三重區","光華里",394
"55","新北市","三重區","光陽里",77
"56","新北市","三重區","光榮里",4
"57","新北市","三重區","光輝里",18
"58","新北市","三重區","吉利里",64
"59","新北市","三重區","同安里",198
"60","新北市","三重區","同慶里",55
"61","新北市","三重區","安慶里",211
"62","新北市","三重區","成功里",292
"63","新北市","三重區","自強里",33
"64","新北市","三重區","秀江里",18
"65","新北市","三重區","谷王里",367
"66","新北市","三重區","尚德里",67
"67","新北市","三重區","幸福里",369
"68","新北市","三重區","幸褔里",1
"69","新北市","三重區","忠孝里",127
"70","新北市","三重區","承德里",163
"71","新北市","三重區","長元里",378
"72","新北市","三重區","長安里",23
"73","新北市","三重區","長江里",113
"74","新北市","三重區","長泰里",165
"75","新北市","三重區","長福里",141
"76","新北市","三重區","信安里",284
"77","新北市","三重區","厚德里",49
"78","新北市","三重區","奕壽里",432
"79","新北市","三重區","重明里",273
"80","新北市","三重區","重陽里",164
"81","新北市","三重區","重新里",69
"82","新北市","三重區","國隆里",46
"83","新北市","三重區","崇德里",189
"84","新北市","三重區","清和里",203
"85","新北市","三重區","頂崁里",208
"86","新北市","三重區","富華里",117
"87","新北市","三重區","富貴里",85
"88","新北市","三重區","菜寮里",47
"89","新北市","三重區","開元里",1140
"90","新北市","三重區","順德里",21
"91","新北市","三重區","慈生里",164
"92","新北市","三重區","慈祐里",504
"93","新北市","三重區","慈惠里",134
"94","新北市","三重區","慈愛里",61
"95","新北市","三重區","慈福里",3
"96","新北市","三重區","溪美里",852
"97","新北市","三重區","瑞德里",135
"98","新北市","三重區","萬壽里",379
"99","新北市","三重區","過田里",196
"100","新北市","三重區","碧華里",224
"101","新北市","三重區","福民里",157
"102","新北市","三重區","福田里",3
"103","新北市","三重區","福安里",26
"104","新北市","三重區","福利里",125
"105","新北市","三重區","福星里",1179
"106","新北市","三重區","福祉里",88
"107","新北市","三重區","福隆里",69
"108","新北市","三重區","福德里",394
"109","新北市","三重區","福樂里",189
"110","新北市","三重區","維德里",15
"111","新北市","三重區","德厚里",2
"112","新北市","三重區","錦田里",192
"113","新北市","三重區","錦安里",57
"114","新北市","三重區","錦江里",16
"115","新北市","三重區","錦通里",45
"116","新北市","三重區","龍門里",37
"117","新北市","三重區","龍濱里",368
"118","新北市","三重區","雙園里",157
"119","新北市","三重區","長生里",5
"120","新北市","三重區","培德里",4
"121","新北市","三重區","慈化里",4
"122","新北市","三重區","永清里",4
"123","新北市","三重區","?8元里",2
"124","新北市","三重區","３重里",1
"125","新北市","三重區","５?5里",2
"126","新北市","三重區","永輝里",2
"127","新北市","三重區","成?2里",1
"128","新北市","三重區","重德里",1
"129","新北市","三重區","博愛里",5
"130","新北市","三重區","富福里",1
"131","新北市","三重區","福?8里",1
"132","新北市","三重區","褔祉里",1
"133","新北市","三重區","褔隆里",2
"134","新北市","三峽區","二鬮里",90
"135","新北市","三峽區","八張里",346
"136","新北市","三峽區","三峽里",23
"137","新北市","三峽區","大埔里",563
"138","新北市","三峽區","中正里",177
"139","新北市","三峽區","中埔里",280
"140","新北市","三峽區","介壽里",182
"141","新北市","三峽區","永<U+8218>里",184
"142","新北市","三峽區","永館里",8
"143","新北市","三峽區","安?7里",1
"144","新北市","三峽區","安坑里",1
"145","新北市","三峽區","安溪里",51
"146","新北市","三峽區","成福里",46
"147","新北市","三峽區","竹崙里",45
"148","新北市","三峽區","溪北里",323
"149","新北市","三峽區","溪東里",139
"150","新北市","三峽區","溪南里",26
"151","新北市","三峽區","鳶山里",964
"152","新北市","三峽區","龍埔里",504
"153","新北市","三峽區","龍恩里",360
"154","新北市","三峽區","龍學里",369
"155","新北市","三峽區","礁溪里",302
"156","新北市","三峽區","金圳里",1
"157","新北市","三峽區","永?3里",11
"158","新北市","三峽區","永里",3
"159","新北市","三峽區","永溪里",1
"160","新北市","三峽區","永錧里",1
"161","新北市","三峽區","成褔里",1
"162","新北市","三峽區","秀川里",1
"163","新北市","三峽區","淡東里",1
"164","新北市","土城區","<U+5CEF>廷里",25
"165","新北市","土城區","土城里",257
"166","新北市","土城區","大安里",135
"167","新北市","土城區","中正里",30
"168","新北市","土城區","日和里",56
"169","新北市","土城區","日新里",68
"170","新北市","土城區","平和里",442
"171","新北市","土城區","永富里",595
"172","新北市","土城區","永寧里",260
"173","新北市","土城區","永豐里",138
"174","新北市","土城區","安和里",21
"175","新北市","土城區","廷寮里",41
"176","新北市","土城區","沛波里",1
"177","新北市","土城區","沛陂里",249
"178","新北市","土城區","延吉里",760
"179","新北市","土城區","延和里",274
"180","新北市","土城區","延壽里",214
"181","新北市","土城區","延寮里",2
"182","新北市","土城區","明德里",13
"183","新北市","土城區","金城里",9
"184","新北市","土城區","青山里",72
"185","新北市","土城區","青雲里",113
"186","新北市","土城區","柑林里",945
"187","新北市","土城區","員仁里",205
"188","新北市","土城區","員林里",3233
"189","新北市","土城區","員信里",27
"190","新北市","土城區","員福里",117
"191","新北市","土城區","峰廷里",3
"192","新北市","土城區","祖田里",5
"193","新北市","土城區","埤林里",56
"194","新北市","土城區","埤塘里",126
"195","新北市","土城區","清水里",145
"196","新北市","土城區","清和里",666
"197","新北市","土城區","清溪里",51
"198","新北市","土城區","袓田里",1
"199","新北市","土城區","貨饒里",690
"200","新北市","土城區","頂埔里",84
"201","新北市","土城區","頂新里",27
"202","新北市","土城區","頂福里",375
"203","新北市","土城區","復興里",80
"204","新北市","土城區","瑞興里",75
"205","新北市","土城區","裕生里",558
"206","新北市","土城區","廣福里",1
"207","新北市","土城區","廣興里",2
"208","新北市","土城區","樂利里",839
"209","新北市","土城區","學士里",108
"210","新北市","土城區","學成里",22
"211","新北市","土城區","學府里",2
"212","新北市","土城區","永豊里",1
"213","新北市","土城區","廷里",1
"214","新北市","土城區","延祿里",1
"215","新北市","土城區","長寧里",1
"216","新北市","土城區","青溪里",1
"217","新北市","土城區","峰延里",1
"218","新北市","土城區","峰庭里",1
"219","新北市","土城區","清化里",6
"220","新北市","土城區","清木里",1
"221","新北市","土城區","貨澆里",1
"222","新北市","中和區","中山里",86
"223","新北市","中和區","中正里",9
"224","新北市","中和區","中原里",703
"225","新北市","中和區","中興里",16
"226","新北市","中和區","仁和里",191
"227","新北市","中和區","內南里",67
"228","新北市","中和區","平河里",135
"229","新北市","中和區","正南里",9
"230","新北市","中和區","民生里",13
"231","新北市","中和區","民安里",592
"232","新北市","中和區","民有里",71
"233","新北市","中和區","瓦<f3><U+00BF><U+00BE><U+00A8>里",247
"234","新北市","中和區","吉興里",1016
"235","新北市","中和區","安平里",282
"236","新北市","中和區","安和里",553
"237","新北市","中和區","安樂里",40
"238","新北市","中和區","安穗里",2266
"239","新北市","中和區","灰<f3><U+00BF><U+00BE><U+00A8>里",18
"240","新北市","中和區","自強里",3
"241","新北市","中和區","秀士里",37
"242","新北市","中和區","秀山里",626
"243","新北市","中和區","秀仁里",138
"244","新北市","中和區","秀水里",269
"245","新北市","中和區","秀成里",13
"246","新北市","中和區","秀里",1
"247","新北市","中和區","秀明里",130
"248","新北市","中和區","秀峰里",121
"249","新北市","中和區","秀景里",49
"250","新北市","中和區","秀義里",393
"251","新北市","中和區","秀福里",78
"252","新北市","中和區","佳和里",46
"253","新北市","中和區","和興里",417
"254","新北市","中和區","宜安里",184
"255","新北市","中和區","忠孝里",830
"256","新北市","中和區","明德里",1
"257","新北市","中和區","明穗里",1220
"258","新北市","中和區","東南里",4
"259","新北市","中和區","枋寮里",204
"260","新北市","中和區","信和里",30
"261","新北市","中和區","南山里",67
"262","新北市","中和區","建和里",1305
"263","新北市","中和區","員山里",149
"264","新北市","中和區","員富里",128
"265","新北市","中和區","泰安里",6
"266","新北市","中和區","國光里",13
"267","新北市","中和區","國華里",461
"268","新北市","中和區","崇南里",446
"269","新北市","中和區","清水里",1
"270","新北市","中和區","清穗里",110
"271","新北市","中和區","連和里",245
"272","新北市","中和區","連城里",165
"273","新北市","中和區","頂南里",33
"274","新北市","中和區","復興里",335
"275","新北市","中和區","景文里",203
"276","新北市","中和區","景平里",1665
"277","新北市","中和區","景本里",20
"278","新北市","中和區","景安里",105
"279","新北市","中和區","景南里",918
"280","新北市","中和區","景新里",31
"281","新北市","中和區","景福里",520
"282","新北市","中和區","華南里",65
"283","新北市","中和區","華新里",512
"284","新北市","中和區","新南里",69
"285","新北市","中和區","瑞穗里",27
"286","新北市","中和區","嘉新里",20
"287","新北市","中和區","壽南里",14
"288","新北市","中和區","壽德里",122
"289","新北市","中和區","漳和里",779
"290","新北市","中和區","碧河里",1017
"291","新北市","中和區","福和里",2
"292","新北市","中和區","福真里",12
"293","新北市","中和區","福祥里",226
"294","新北市","中和區","福善里",15
"295","新北市","中和區","廟美里",71
"296","新北市","中和區","德穗里",201
"297","新北市","中和區","橫路里",19
"298","新北市","中和區","積穗里",1859
"299","新北市","中和區","興南里",370
"300","新北市","中和區","錦中里",55
"301","新北市","中和區","錦和里",904
"302","新北市","中和區","錦昌里",11
"303","新北市","中和區","錦盛里",56
"304","新北市","中和區","力行里",7
"305","新北市","中和區","中安里",4
"306","新北市","中和區","安順里",2
"307","新北市","中和區","?9南里",1
"308","新北市","中和區","文元里",2
"309","新北市","中和區","外南里",3
"310","新北市","中和區","瓦０里",1
"311","新北市","中和區","秀褔里",1
"312","新北市","中和區","里",3
"313","新北市","中和區","清德里",1
"314","新北市","中和區","瑞０里",1
"315","新北市","中和區","嘉慶里",2
"316","新北市","中和區","嘉興里",1
"317","新北市","中和區","嘉穗里",6
"318","新北市","中和區","福南里",3
"319","新北市","中和區","福美里",5
"320","新北市","中和區","福梅里",1
"321","新北市","中和區","德積里",1
"322","新北市","中和區","褔和里",1
"323","新北市","中和區","褔美里",2
"324","新北市","中和區","褔祥里",1
"325","新北市","五股區","五股里",76
"326","新北市","五股區","五福里",7
"327","新北市","五股區","六福里",210
"328","新北市","五股區","水碓里",300
"329","新北市","五股區","民義里",336
"330","新北市","五股區","成功里",17
"331","新北市","五股區","成州里",230
"332","新北市","五股區","成洲里",6
"333","新北市","五股區","成泰里",1432
"334","新北市","五股區","成德里",26
"335","新北市","五股區","更寮里",234
"336","新北市","五股區","貿商里",13
"337","新北市","五股區","集福里",41
"338","新北市","五股區","集賢里",138
"339","新北市","五股區","福德里",85
"340","新北市","五股區","德音里",58
"341","新北市","五股區","德泰里",98
"342","新北市","五股區","興珍里",325
"343","新北市","五股區","觀音里",8
"344","新北市","五股區","５福里",1
"345","新北市","五股區","五龍里",7
"346","新北市","五股區","洲後里",1
"347","新北市","平溪區","十分里",61
"348","新北市","平溪區","白石里",4
"349","新北市","平溪區","石底里",78
"350","新北市","平溪區","南山里",1
"351","新北市","平溪區","菁桐里",19
"352","新北市","平溪區","新寮里",1
"353","新北市","平溪區","嶺腳里",1
"354","新北市","平溪區","嶺里",1
"355","新北市","平溪區","薯榔里",3
"356","新北市","永和區","上林里",72
"357","新北市","永和區","上溪里",354
"358","新北市","永和區","下溪里",192
"359","新北市","永和區","大同里",31
"360","新北市","永和區","大新里",35
"361","新北市","永和區","中溪里",16
"362","新北市","永和區","中興里",894
"363","新北市","永和區","仁愛里",20
"364","新北市","永和區","文化里",325
"365","新北市","永和區","水源里",735
"366","新北市","永和區","民本里",562
"367","新北市","永和區","民生里",1
"368","新北市","永和區","民族里",662
"369","新北市","永和區","民權里",658
"370","新北市","永和區","永安里",15
"371","新北市","永和區","永貞里",221
"372","新北市","永和區","永福里",1
"373","新北市","永和區","永樂里",115
"374","新北市","永和區","永興里",570
"375","新北市","永和區","光明里",208
"376","新北市","永和區","光復里",17
"377","新北市","永和區","安和里",16
"378","新北市","永和區","竹林里",67
"379","新北市","永和區","秀和里",765
"380","新北市","永和區","秀林里",687
"381","新北市","永和區","秀朗里",59
"382","新北市","永和區","秀得里",5
"383","新北市","永和區","協和里",597
"384","新北市","永和區","和平里",55
"385","新北市","永和區","店街里",2126
"386","新北市","永和區","忠義里",9
"387","新北市","永和區","河堤里",123
"388","新北市","永和區","保安里",87
"389","新北市","永和區","保順里",1163
"390","新北市","永和區","信義里",5
"391","新北市","永和區","前溪里",388
"392","新北市","永和區","後溪里",177
"393","新北市","永和區","桂林里",30
"394","新北市","永和區","得和里",75
"395","新北市","永和區","頂溪里",52
"396","新北市","永和區","復興里",1238
"397","新北市","永和區","智光里",9
"398","新北市","永和區","新生里",78
"399","新北市","永和區","福和里",90
"400","新北市","永和區","福林里",78
"401","新北市","永和區","網溪里",206
"402","新北市","永和區","潭安里",308
"403","新北市","永和區","潭墘里",24
"404","新北市","永和區","豫溪里",27
"405","新北市","永和區","勵行里",17
"406","新北市","永和區","雙和里",502
"407","新北市","永和區","民富里",7
"408","新北市","永和區","正興里",3
"409","新北市","永和區","民治里",4
"410","新北市","永和區","民樂里",1
"411","新北市","永和區","永元里",1
"412","新北市","永和區","永成里",1
"413","新北市","永和區","秀元里",1
"414","新北市","永和區","里",2
"415","新北市","永和區","協合里",1
"416","新北市","永和區","保平里",1
"417","新北市","永和區","溪前里",1
"418","新北市","永和區","潭乾里",1
"419","新北市","永和區","褔林里",1
"420","新北市","永和區","譚乾里",1
"421","新北市","石門區","石門里",32
"422","新北市","石門區","尖鹿里",36
"423","新北市","石門區","阿里",3
"424","新北市","石門區","富基里",75
"425","新北市","石門區","老梅里",1
"426","新北市","石門區","興鹿里",1
"427","新北市","石碇區","石碇里",24
"428","新北市","石碇區","光明里",5
"429","新北市","石碇區","格頭里",10
"430","新北市","石碇區","隆盛里",9
"431","新北市","石碇區","潭邊里",16
"432","新北市","石碇區","豐田里",5
"433","新北市","石碇區","烏塗里",1
"434","新北市","石碇區","彭山里",1
"435","新北市","石碇區","豐林里",1
"436","新北市","汐止區","八連里",48
"437","新北市","汐止區","大同里",44
"438","新北市","汐止區","中興里",1129
"439","新北市","汐止區","仁德里",472
"440","新北市","汐止區","文化里",83
"441","新北市","汐止區","北山里",485
"442","新北市","汐止區","北峰里",19
"443","新北市","汐止區","白雲里",328
"444","新北市","汐止區","江北里",511
"445","新北市","汐止區","自強里",202
"446","新北市","汐止區","秀山里",582
"447","新北市","汐止區","秀里",1
"448","新北市","汐止區","秀峰里",18
"449","新北市","汐止區","宜興里",89
"450","新北市","汐止區","忠山里",29
"451","新北市","汐止區","忠孝里",163
"452","新北市","汐止區","東山里",4
"453","新北市","汐止區","東勢里",242
"454","新北市","汐止區","金龍里",156
"455","新北市","汐止區","長安里",50
"456","新北市","汐止區","長青里",10
"457","新北市","汐止區","保安里",69
"458","新北市","汐止區","保長里",174
"459","新北市","汐止區","保新里",12
"460","新北市","汐止區","信望里",34
"461","新北市","汐止區","厚德里",473
"462","新北市","汐止區","城中里",229
"463","新北市","汐止區","建成里",17
"464","新北市","汐止區","拱北里",93
"465","新北市","汐止區","茄苳里",46
"466","新北市","汐止區","烘內里",38
"467","新北市","汐止區","崇德里",243
"468","新北市","汐止區","康福里",16
"469","新北市","汐止區","復興里",705
"470","新北市","汐止區","智慧里",42
"471","新北市","汐止區","湖光里",388
"472","新北市","汐止區","湖興里",10
"473","新北市","汐止區","鄉長里",55
"474","新北市","汐止區","新昌里",192
"475","新北市","汐止區","義民里",18
"476","新北市","汐止區","福山里",37
"477","新北市","汐止區","福安里",75
"478","新北市","汐止區","福德里",13
"479","新北市","汐止區","樟樹里",854
"480","新北市","汐止區","橋東里",412
"481","新北市","汐止區","橫科里",141
"482","新北市","汐止區","環河里",71
"483","新北市","汐止區","禮門里",7
"484","新北市","汐止區","湖蓮里",4
"485","新北市","汐止區","興福里",4
"486","新北市","汐止區","北十﹒里",1
"487","新北市","汐止區","北里",2
"488","新北市","汐止區","漳樹里",1
"489","新北市","汐止區","山光里",1
"490","新北市","坪林區","坪林里",71
"491","新北市","坪林區","上德里",4
"492","新北市","坪林區","漁光里",9
"493","新北市","坪林區","石<f0><U+00A5><U+0095><U+00A2>里",1
"494","新北市","坪林區","粗窟里",1
"495","新北市","板橋區","?5丘里",9
"496","新北市","板橋區","?9生里",5
"497","新北市","板橋區","九如里",847
"498","新北市","板橋區","大安里",54
"499","新北市","板橋區","大豐里",1141
"500","新北市","板橋區","中山里",282
"501","新北市","板橋區","中正里",170
"502","新北市","板橋區","五權里",235
"503","新北市","板橋區","仁愛里",116
"504","新北市","板橋區","介壽里",424
"505","新北市","板橋區","文化里",692
"506","新北市","板橋區","文聖里",3
"507","新北市","板橋區","文翠里",87
"508","新北市","板橋區","文德里",309
"509","新北市","板橋區","正泰里",17
"510","新北市","板橋區","民生里",8
"511","新北市","板橋區","民安里",214
"512","新北市","板橋區","民族里",578
"513","新北市","板橋區","民權里",38
"514","新北市","板橋區","永安里",1
"515","新北市","板橋區","玉光里",381
"516","新北市","板橋區","光仁里",49
"517","新北市","板橋區","光復里",130
"518","新北市","板橋區","光華里",105
"519","新北市","板橋區","光榮里",3
"520","新北市","板橋區","吉翠里",14
"521","新北市","板橋區","成和里",649
"522","新北市","板橋區","江翠里",514
"523","新北市","板橋區","百壽里",189
"524","新北市","板橋區","自立里",1
"525","新北市","板橋區","自強里",9
"526","新北市","板橋區","宏翠里",2801
"527","新北市","板橋區","赤松里",251
"528","新北市","板橋區","和平里",97
"529","新北市","板橋區","居仁里",258
"530","新北市","板橋區","幸福里",1
"531","新北市","板橋區","忠誠里",385
"532","新北市","板橋區","忠翠里",175
"533","新北市","板橋區","明翠里",43
"534","新北市","板橋區","東丘里",73
"535","新北市","板橋區","松柏里",279
"536","新北市","板橋區","松翠里",376
"537","新北市","板橋區","社后里",9
"538","新北市","板橋區","社後里",1390
"539","新北市","板橋區","長安里",101
"540","新北市","板橋區","長壽里",28
"541","新北市","板橋區","青翠里",375
"542","新北市","板橋區","信義里",462
"543","新北市","板橋區","建國里",7
"544","新北市","板橋區","後埔里",37
"545","新北市","板橋區","柏翠里",636
"546","新北市","板橋區","流芳里",63
"547","新北市","板橋區","重慶里",213
"548","新北市","板橋區","香丘里",224
"549","新北市","板橋區","香雅里",209
"550","新北市","板橋區","埔墘里",84
"551","新北市","板橋區","振義里",500
"552","新北市","板橋區","振興里",175
"553","新北市","板橋區","挹秀里",629
"554","新北市","板橋區","浮?6里",1
"555","新北市","板橋區","浮洲里",451
"556","新北市","板橋區","海山里",574
"557","新北市","板橋區","留侯里",410
"558","新北市","板橋區","純翠里",60
"559","新北市","板橋區","國光里",2
"560","新北市","板橋區","國泰里",354
"561","新北市","板橋區","埤墘里",962
"562","新北市","板橋區","堂春里",27
"563","新北市","板橋區","崑?1里",14
"564","新北市","板橋區","崑崙里",138
"565","新北市","板橋區","深丘里",948
"566","新北市","板橋區","莒光里",44
"567","新北市","板橋區","富貴里",31
"568","新北市","板橋區","景星里",620
"569","新北市","板橋區","港尾里",195
"570","新北市","板橋區","港嘴里",72
"571","新北市","板橋區","港德里",84
"572","新北市","板橋區","湳興里",729
"573","新北市","板橋區","華中里",273
"574","新北市","板橋區","華江里",1438
"575","新北市","板橋區","華汞里",1
"576","新北市","板橋區","華東里",675
"577","新北市","板橋區","華貴里",182
"578","新北市","板橋區","華德里",1275
"579","新北市","板橋區","華興里",191
"580","新北市","板橋區","鄉雲里",90
"581","新北市","板橋區","黃石里",146
"582","新北市","板橋區","新民里",10
"583","新北市","板橋區","新生里",5
"584","新北市","板橋區","新埔里",47
"585","新北市","板橋區","新翠里",960
"586","新北市","板橋區","新興里",428
"587","新北市","板橋區","溪北里",407
"588","新北市","板橋區","溪洲里",310
"589","新北市","板橋區","溪福里",595
"590","新北市","板橋區","溪頭里",16
"591","新北市","板橋區","僑中里",505
"592","新北市","板橋區","滿翠里",2
"593","新北市","板橋區","漢生里",445
"594","新北市","板橋區","福丘里",3128
"595","新北市","板橋區","福安里",651
"596","新北市","板橋區","福星里",193
"597","新北市","板橋區","福祿里",337
"598","新北市","板橋區","福壽里",5
"599","新北市","板橋區","福德里",131
"600","新北市","板橋區","翠青里",1
"601","新北市","板橋區","聚安里",1244
"602","新北市","板橋區","廟美里",1
"603","新北市","板橋區","廣新里",38
"604","新北市","板橋區","廣福里",133
"605","新北市","板橋區","廣德里",673
"606","新北市","板橋區","德翠里",259
"607","新北市","板橋區","褔壽里",4
"608","新北市","板橋區","龍翠里",632
"609","新北市","板橋區","聯翠里",5
"610","新北市","板橋區","雙玉里",192
"611","新北市","板橋區","懷翠里",52
"612","新北市","板橋區","歡園里",10
"613","新北市","板橋區","西安里",20
"614","新北市","板橋區","?9光里",1
"615","新北市","板橋區","大豊里",1
"616","新北市","板橋區","仁翠里",4
"617","新北市","板橋區","公?里",1
"618","新北市","板橋區","公館里",3
"619","新北市","板橋區","江子翠里",1
"620","新北市","板橋區","江民里",1
"621","新北市","板橋區","宏華里",1
"622","新北市","板橋區","社右里",1
"623","新北市","板橋區","南興里",1
"624","新北市","板橋區","昱安里",1
"625","新北市","板橋區","重翠里",1
"626","新北市","板橋區","香坵里",1
"627","新北市","板橋區","香社里",3
"628","新北市","板橋區","留候里",2
"629","新北市","板橋區","埤乾里",1
"630","新北市","板橋區","莊敬里",3
"631","新北市","板橋區","朝陽里",1
"632","新北市","板橋區","港咀里",2
"633","新北市","板橋區","華翠里",7
"634","新北市","板橋區","陽明里",3
"635","新北市","板橋區","新海里",2
"636","新北市","板橋區","溪碩里",1
"637","新北市","板橋區","廣褔里",1
"638","新北市","板橋區","槴秀里",1
"639","新北市","板橋區","褔星里",1
"640","新北市","板橋區","褔景里",1
"641","新北市","板橋區","褔祿里",1
"642","新北市","板橋區","褔德里",3
"643","新北市","板橋區","褔樂里",1
"644","新北市","板橋區","嵐翠里",1
"645","新北市","板橋區","３南興里",1
"646","新北市","板橋區","金華里",1
"647","新北市","林口區","中湖里",157
"648","新北市","林口區","仁愛里",11
"649","新北市","林口區","西林里",295
"650","新北市","林口區","車林里",1
"651","新北市","林口區","東林里",179
"652","新北市","林口區","東勢里",166
"653","新北市","林口區","林口里",43
"654","新北市","林口區","南勢里",466
"655","新北市","林口區","湖南里",1176
"656","新北市","林口區","菁湖里",190
"657","新北市","林口區","麗林里",109
"658","新北市","林口區","嘉寶里",1
"659","新北市","林口區","麗園里",4
"660","新北市","金山區","大同里",48
"661","新北市","金山區","五湖里",21
"662","新北市","金山區","永興里",5
"663","新北市","金山區","光田里",1
"664","新北市","金山區","金?3里",23
"665","新北市","金山區","金包里",75
"666","新北市","金山區","金美里",234
"667","新北市","金山區","美田里",686
"668","新北市","金山區","重和里",12
"669","新北市","金山區","清泉里",11
"670","新北市","金山區","萬壽里",8
"671","新北市","金山區","磺港里",11
"672","新北市","金山區","三界里",2
"673","新北市","金山區","?3里",1
"674","新北市","金山區","丰漁里",1
"675","新北市","金山區","金田里",1
"676","新北市","金山區","金抱里",1
"677","新北市","金山區","豊漁里",1
"678","新北市","金山區","豊澳里",1
"679","新北市","泰山區","山腳里",119
"680","新北市","泰山區","全興里",141
"681","新北市","泰山區","同榮里",38
"682","新北市","泰山區","同興里",36
"683","新北市","泰山區","明志里",314
"684","新北市","泰山區","貴子里",106
"685","新北市","泰山區","貴和里",1319
"686","新北市","泰山區","貴賢里",162
"687","新北市","泰山區","新明里",68
"688","新北市","泰山區","楓樹里",93
"689","新北市","泰山區","義仁里",278
"690","新北市","泰山區","義學里",74
"691","新北市","泰山區","福壽里",1
"692","新北市","泰山區","福興里",173
"693","新北市","泰山區","黎明里",674
"694","新北市","泰山區","大科里",16
"695","新北市","泰山區","山里",1
"696","新北市","泰山區","福泰里",2
"697","新北市","烏來區","忠治里",33
"698","新北市","烏來區","信賢里",5
"699","新北市","烏來區","烏來里",89
"700","新北市","貢寮區","仁里",140
"701","新北市","貢寮區","吉林里",33
"702","新北市","貢寮區","和美里",39
"703","新北市","貢寮區","真理里",55
"704","新北市","貢寮區","貢寮里",4
"705","新北市","貢寮區","福隆里",138
"706","新北市","貢寮區","龍門里",4
"707","新北市","貢寮區","龍崗里",34
"708","新北市","貢寮區","雙玉里",13
"709","新北市","貢寮區","５美里",1
"710","新北市","貢寮區","美和里",1
"711","新北市","貢寮區","美豊里",1
"712","新北市","貢寮區","美豐里",1
"713","新北市","貢寮區","貞理里",1
"714","新北市","貢寮區","褔隆里",5
"715","新北市","貢寮區","龍岡里",1
"716","新北市","貢寮區","雙龍里",2
"717","新北市","區","八里",1074
"718","新北市","區","萬里",585
"719","新北市","淡水區","八勢里",183
"720","新北市","淡水區","大庄里",5
"721","新北市","淡水區","中興里",84
"722","新北市","淡水區","文化里",31
"723","新北市","淡水區","水源里",1
"724","新北市","淡水區","水碓里",20
"725","新北市","淡水區","北投里",404
"726","新北市","淡水區","北新里",494
"727","新北市","淡水區","正德里",17
"728","新北市","淡水區","民生里",226
"729","新北市","淡水區","民安里",47
"730","新北市","淡水區","民輝里",1
"731","新北市","淡水區","民權里",6
"732","新北市","淡水區","永吉里",76
"733","新北市","淡水區","竹圍里",298
"734","新北市","淡水區","沙崙里",567
"735","新北市","淡水區","坪頂里",3
"736","新北市","淡水區","幸福里",186
"737","新北市","淡水區","忠山里",10
"738","新北市","淡水區","忠寮里",4
"739","新北市","淡水區","油車里",266
"740","新北市","淡水區","金包里",1
"741","新北市","淡水區","長庚里",1020
"742","新北市","淡水區","竿蓁里",447
"743","新北市","淡水區","崁頂里",338
"744","新北市","淡水區","草東里",119
"745","新北市","淡水區","埤島里",3
"746","新北市","淡水區","新民里",307
"747","新北市","淡水區","新生里",156
"748","新北市","淡水區","新春里",153
"749","新北市","淡水區","新義里",249
"750","新北市","淡水區","新興里",49
"751","新北市","淡水區","福德里",400
"752","新北市","淡水區","鄧公里",12
"753","新北市","淡水區","學府里",391
"754","新北市","淡水區","興仁里",29
"755","新北市","淡水區","清文里",2
"756","新北市","淡水區","賢孝里",1
"757","新北市","淡水區","小八里",1
"758","新北市","淡水區","屯山里",2
"759","新北市","淡水區","沙?1里",2
"760","新北市","淡水區","協元里",4
"761","新北市","淡水區","溪墘里",1
"762","新北市","淡水區","義山里",1
"763","新北市","淡水區","鄧右里",1
"764","新北市","深坑區","土庫里",58
"765","新北市","深坑區","昇高里",23
"766","新北市","深坑區","深坑里",195
"767","新北市","深坑區","清水里",1
"768","新北市","深坑區","萬順里",427
"769","新北市","深坑區","萬福里",48
"770","新北市","深坑區","賴仲里",34
"771","新北市","深坑區","埔新里",4
"772","新北市","新店區","下城里",52
"773","新北市","新店區","大豐里",412
"774","新北市","新店區","小城里",105
"775","新北市","新店區","中山里",373
"776","新北市","新店區","中央里",88
"777","新北市","新店區","中正里",66
"778","新北市","新店區","中華里",4
"779","新北市","新店區","中興里",143
"780","新北市","新店區","五<U+5CEF>里",1770
"781","新北市","新店區","仁愛里",14
"782","新北市","新店區","公崙里",486
"783","新北市","新店區","太平里",42
"784","新北市","新店區","文中里",103
"785","新北市","新店區","文明里",316
"786","新北市","新店區","日興里",202
"787","新北市","新店區","永平里",108
"788","新北市","新店區","永安里",243
"789","新北市","新店區","安和里",65
"790","新北市","新店區","安昌里",209
"791","新北市","新店區","百忍里",110
"792","新北市","新店區","百和里",8
"793","新北市","新店區","百褔里",1
"794","新北市","新店區","玖瑰里",1
"795","新北市","新店區","和平里",7
"796","新北市","新店區","屈尺里",48
"797","新北市","新店區","忠孝里",11
"798","新北市","新店區","忠誠里",28
"799","新北市","新店區","明德里",10
"800","新北市","新店區","玫瑰里",130
"801","新北市","新店區","直潭里",10
"802","新北市","新店區","青潭里",70
"803","新北市","新店區","信義里",197
"804","新北市","新店區","建國里",2
"805","新北市","新店區","香坡里",354
"806","新北市","新店區","員潭里",379
"807","新北市","新店區","柴埕里",521
"808","新北市","新店區","國校里",69
"809","新北市","新店區","國豐里",212
"810","新北市","新店區","張北里",1208
"811","新北市","新店區","張南里",95
"812","新北市","新店區","粗?7里",2
"813","新北市","新店區","粗坑里",170
"814","新北市","新店區","頂城里",889
"815","新北市","新店區","復興里",595
"816","新北市","新店區","華城里",55
"817","新北市","新店區","塗潭里",13
"818","新北市","新店區","新生里",4
"819","新北市","新店區","新安里",11
"820","新北市","新店區","新和里",81
"821","新北市","新店區","新店里",134
"822","新北市","新店區","新德里",276
"823","新北市","新店區","福民里",562
"824","新北市","新店區","福德里",9
"825","新北市","新店區","廣明里",21
"826","新北市","新店區","廣興里",17
"827","新北市","新店區","德安里",44
"828","新北市","新店區","龜山里",14
"829","新北市","新店區","雙坑里",35
"830","新北市","新店區","雙城里",110
"831","新北市","新店區","寶安里",427
"832","新北市","新店區","寶福里",206
"833","新北市","新店區","寶興里",22
"834","新北市","新店區","五峰里",2
"835","新北市","新店區","江陵里",3
"836","新北市","新店區","百福里",6
"837","新北市","新店區","美潭里",9
"838","新北市","新店區","?8尺里",4
"839","新北市","新店區","?i里",1
"840","新北市","新店區","大豊里",1
"841","新北市","新店區","公?1里",1
"842","新北市","新店區","江濛里",1
"843","新北市","新店區","南張里",1
"844","新北市","新店區","屋尺里",1
"845","新北市","新店區","柴?6里",1
"846","新北市","新店區","柴呈里",1
"847","新北市","新店區","柴鹽里",1
"848","新北市","新店區","新西里",2
"849","新北市","新店區","新東里",2
"850","新北市","新店區","達觀里",2
"851","新北市","新店區","樂埕里",1
"852","新北市","新店區","褔德里",1
"853","新北市","新店區","雙?7里",2
"854","新北市","新莊區","八德里",7
"855","新北市","新莊區","中平里",385
"856","新北市","新莊區","中全里",3
"857","新北市","新莊區","中宏里",395
"858","新北市","新莊區","中和里",9
"859","新北市","新莊區","中美里",53
"860","新北市","新莊區","中原里",1909
"861","新北市","新莊區","中華里",77
"862","新北市","新莊區","中隆里",87
"863","新北市","新莊區","丹鳳里",531
"864","新北市","新莊區","仁愛里",2
"865","新北市","新莊區","仁義里",2
"866","新北市","新莊區","化成里",473
"867","新北市","新莊區","文明里",35
"868","新北市","新莊區","文聖里",140
"869","新北市","新莊區","文德里",10
"870","新北市","新莊區","文衡里",1255
"871","新北市","新莊區","四維里",8
"872","新北市","新莊區","民全里",671
"873","新北市","新莊區","民安里",2
"874","新北市","新莊區","民有里",3
"875","新北市","新莊區","立廷里",1918
"876","新北市","新莊區","立志里",137
"877","新北市","新莊區","立言里",99
"878","新北市","新莊區","立泰里",74
"879","新北市","新莊區","立德里",246
"880","新北市","新莊區","光正里",665
"881","新北市","新莊區","光明里",55
"882","新北市","新莊區","光華里",837
"883","新北市","新莊區","光榮里",53
"884","新北市","新莊區","全安里",2170
"885","新北市","新莊區","全泰里",28
"886","新北市","新莊區","成德里",243
"887","新北市","新莊區","自立里",898
"888","新北市","新莊區","自治里",1
"889","新北市","新莊區","自強里",1
"890","新北市","新莊區","西盛里",721
"891","新北市","新莊區","西港里",2
"892","新北市","新莊區","和平里",8
"893","新北市","新莊區","幸福里",6
"894","新北市","新莊區","幸褔里",1
"895","新北市","新莊區","忠孝里",28
"896","新北市","新莊區","昌平里",740
"897","新北市","新莊區","昌隆里",122
"898","新北市","新莊區","信義里",120
"899","新北市","新莊區","南港里",7
"900","新北市","新莊區","建安里",849
"901","新北市","新莊區","思源里",35
"902","新北市","新莊區","思賢里",111
"903","新北市","新莊區","恆安里",114
"904","新北市","新莊區","泰豐里",136
"905","新北市","新莊區","海山里",193
"906","新北市","新莊區","國泰里",753
"907","新北市","新莊區","萬安里",208
"908","新北市","新莊區","裕民里",433
"909","新北市","新莊區","榮和里",408
"910","新北市","新莊區","福基里",875
"911","新北市","新莊區","福興里",350
"912","新北市","新莊區","福營里",681
"913","新北市","新莊區","興漢里",91
"914","新北市","新莊區","頭前里",293
"915","新北市","新莊區","龍安里",2
"916","新北市","新莊區","龍鳳里",234
"917","新北市","新莊區","營盤里",16
"918","新北市","新莊區","豐年里",215
"919","新北市","新莊區","雙鳳里",307
"920","新北市","新莊區","瓊林里",190
"921","新北市","新莊區","中信里",10
"922","新北市","新莊區","中港里",6
"923","新北市","新莊區","中誠里",2
"924","新北市","新莊區","立基里",6
"925","新北市","新莊區","自信里",1
"926","新北市","新莊區","後港里",11
"927","新北市","新莊區","祥鳳里",15
"928","新北市","新莊區","昌明里",2
"929","新北市","新莊區","中泰里",2
"930","新北市","新莊區","立人里",1
"931","新北市","新莊區","立功里",1
"932","新北市","新莊區","立吉里",1
"933","新北市","新莊區","光和里",3
"934","新北市","新莊區","合鳳里",2
"935","新北市","新莊區","昌信里",2
"936","新北市","新莊區","建福里",5
"937","新北市","新莊區","富民里",1
"938","新北市","新莊區","興?9里",1
"939","新北市","新莊區","龍福里",1
"940","新北市","瑞芳區","?7德里",3
"941","新北市","瑞芳區","<U+6FD3>洞里",14
"942","新北市","瑞芳區","上天里",51
"943","新北市","瑞芳區","爪<U+5CEF>里",54
"944","新北市","瑞芳區","吉安里",199
"945","新北市","瑞芳區","吉慶里",99
"946","新北市","瑞芳區","明里",6
"947","新北市","瑞芳區","重和里",1
"948","新北市","瑞芳區","海濱里",38
"949","新北市","瑞芳區","基山里",50
"950","新北市","瑞芳區","崇文里",106
"951","新北市","瑞芳區","深澳里",70
"952","新北市","瑞芳區","傑魚里",228
"953","新北市","瑞芳區","新峰里",308
"954","新北市","瑞芳區","瑞濱里",42
"955","新北市","瑞芳區","碩仁里",7
"956","新北市","瑞芳區","龍山里",133
"957","新北市","瑞芳區","龍川里",268
"958","新北市","瑞芳區","龍安里",58
"959","新北市","瑞芳區","龍潭里",181
"960","新北市","瑞芳區","龍興里",205
"961","新北市","瑞芳區","龍鎮里",29
"962","新北市","瑞芳區","弓橋里",2
"963","新北市","瑞芳區","爪里",2
"964","新北市","瑞芳區","永慶里",2
"965","新北市","瑞芳區","柑坪里",8
"966","新北市","瑞芳區","猴硐里",14
"967","新北市","瑞芳區","頌德里",1
"968","新北市","瑞芳區","南雅里",7
"969","新北市","瑞芳區","?5?8里",2
"970","新北市","瑞芳區","?5沃里",1
"971","新北市","瑞芳區","?5澳里",1
"972","新北市","瑞芳區","?8橋里",1
"973","新北市","瑞芳區","<U+6FD3>新里",2
"974","新北市","瑞芳區","０川里",1
"975","新北市","瑞芳區","０魚里",1
"976","新北市","瑞芳區","九芳橋里",1
"977","新北市","瑞芳區","爪十﹒里",1
"978","新北市","瑞芳區","爪夆里",1
"979","新北市","瑞芳區","瓜山里",20
"980","新北市","瑞芳區","瓜峰里",1
"981","新北市","瑞芳區","金山里",1
"982","新北市","瑞芳區","長樂里",1
"983","新北市","瑞芳區","祈山里",1
"984","新北市","瑞芳區","海里",3
"985","新北市","瑞芳區","祟文里",1
"986","新北市","瑞芳區","魚里",3
"987","新北市","瑞芳區","童潭里",1
"988","新北市","瑞芳區","瑞里",1
"989","新北市","瑞芳區","瑞芳鎮吉慶里",1
"990","新北市","瑞芳區","瑞洪里",1
"991","新北市","瑞芳區","銅山里",15
"992","新北市","瑞芳區","濂?8里",2
"993","新北市","樹林區","?4厝里",7
"994","新北市","樹林區","?5安里",11
"995","新北市","樹林區","<f3><U+00BF><U+00BE><U+00B5>寮里",41
"996","新北市","樹林區","三多里",66
"997","新北市","樹林區","三福里",579
"998","新北市","樹林區","三興里",186
"999","新北市","樹林區","三龍里",156
"1000","新北市","樹林區","大同里",190
"1001","新北市","樹林區","山佳里",90
"1002","新北市","樹林區","中山里",798
"1003","新北市","樹林區","中華里",2
"1004","新北市","樹林區","太順里",423
"1005","新北市","樹林區","文林里",113
"1006","新北市","樹林區","北園里",51
"1007","新北市","樹林區","光興里",114
"1008","新北市","樹林區","圳民里",40
"1009","新北市","樹林區","圳生里",253
"1010","新北市","樹林區","圳安里",366
"1011","新北市","樹林區","圳福里",549
"1012","新北市","樹林區","西山里",17
"1013","新北市","樹林區","西園里",8
"1014","新北市","樹林區","育英里",378
"1015","新北市","樹林區","和平里",6
"1016","新北市","樹林區","坡內里",126
"1017","新北市","樹林區","東山里",581
"1018","新北市","樹林區","東昇里",254
"1019","新北市","樹林區","東陽里",133
"1020","新北市","樹林區","東園里",227
"1021","新北市","樹林區","金寮里",1123
"1022","新北市","樹林區","保安里",26
"1023","新北市","樹林區","南園里",610
"1024","新北市","樹林區","柑園里",116
"1025","新北市","樹林區","彭厝里",279
"1026","新北市","樹林區","彭福里",9
"1027","新北市","樹林區","彭興里",195
"1028","新北市","樹林區","樂山里",80
"1029","新北市","樹林區","潭底里",92
"1030","新北市","樹林區","樹人里",95
"1031","新北市","樹林區","樹北里",41
"1032","新北市","樹林區","樹西里",163
"1033","新北市","樹林區","樹東里",695
"1034","新北市","樹林區","樹南里",55
"1035","新北市","樹林區","樹福里",266
"1036","新北市","樹林區","樹德里",154
"1037","新北市","樹林區","樹興里",45
"1038","新北市","樹林區","０寮里",1
"1039","新北市","樹林區","３褔里",1
"1040","新北市","樹林區","新厝里",1
"1041","新北市","樹林區","彰厝里",1
"1042","新北市","樹林區","寮里",1
"1043","新北市","雙溪區","三港里",9
"1044","新北市","雙溪區","三貂里",64
"1045","新北市","雙溪區","牡丹里",118
"1046","新北市","雙溪區","新基里",39
"1047","新北市","雙溪區","雙溪里",22
"1048","新北市","雙溪區","共和里",7
"1049","新北市","蘆洲區","九芎里",1181
"1050","新北市","蘆洲區","中原里",880
"1051","新北市","蘆洲區","中華里",46
"1052","新北市","蘆洲區","中路里",291
"1053","新北市","蘆洲區","仁復里",361
"1054","新北市","蘆洲區","仁愛里",28
"1055","新北市","蘆洲區","仁義里",726
"1056","新北市","蘆洲區","仁德里",66
"1057","新北市","蘆洲區","水河里",1111
"1058","新北市","蘆洲區","水湳里",680
"1059","新北市","蘆洲區","正義里",1060
"1060","新北市","蘆洲區","民和里",117
"1061","新北市","蘆洲區","永安里",229
"1062","新北市","蘆洲區","永康里",2
"1063","新北市","蘆洲區","永德里",26
"1064","新北市","蘆洲區","永樂里",84
"1065","新北市","蘆洲區","玉清里",96
"1066","新北市","蘆洲區","光明里",359
"1067","新北市","蘆洲區","光華里",53
"1068","新北市","蘆洲區","成功里",7
"1069","新北市","蘆洲區","忠孝里",3
"1070","新北市","蘆洲區","忠義里",57
"1071","新北市","蘆洲區","長安里",2
"1072","新北市","蘆洲區","保佑里",35
"1073","新北市","蘆洲區","保和里",76
"1074","新北市","蘆洲區","保新里",404
"1075","新北市","蘆洲區","信義里",414
"1076","新北市","蘆洲區","南港里",245
"1077","新北市","蘆洲區","恆德里",577
"1078","新北市","蘆洲區","得仁里",235
"1079","新北市","蘆洲區","得勝里",183
"1080","新北市","蘆洲區","復興里",62
"1081","新北市","蘆洲區","溪頭里",1
"1082","新北市","蘆洲區","福安里",27
"1083","新北市","蘆洲區","樓厝里",321
"1084","新北市","蘆洲區","樹德里",156
"1085","新北市","蘆洲區","鷺江里",26
"1086","新北市","蘆洲區","延平里",4
"1087","新北市","蘆洲區","厝里",2
"1088","新北市","蘆洲區","中０里",1
"1089","新北市","蘆洲區","溪墘里",4
"1090","新北市","蘆洲區","福勝里",1
"1091","新北市","鶯歌區","?a里",8
"1092","新北市","鶯歌區","二甲里",23
"1093","新北市","鶯歌區","二橋里",588
"1094","新北市","鶯歌區","大湖里",163
"1095","新北市","鶯歌區","中湖里",487
"1096","新北市","鶯歌區","中鶯里",44
"1097","新北市","鶯歌區","北鶯里",217
"1098","新北市","鶯歌區","永吉里",214
"1099","新北市","鶯歌區","永昌里",1377
"1100","新北市","鶯歌區","同慶里",456
"1101","新北市","鶯歌區","尖山里",298
"1102","新北市","鶯歌區","西鶯里",11
"1103","新北市","鶯歌區","東湖里",12
"1104","新北市","鶯歌區","東鶯里",274
"1105","新北市","鶯歌區","南靖里",105
"1106","新北市","鶯歌區","南鶯里",379
"1107","新北市","鶯歌區","建國里",376
"1108","新北市","鶯歌區","建德里",5
"1109","新北市","鶯歌區","萬?9里",1
"1110","新北市","鶯歌區","鳳祥里",39
"1111","新北市","鶯歌區","鳳福里",19
"1112","新北市","鶯歌區","鳳鳴里",184
"1113","新北市","鶯歌區","鳳褔里",1
"1114","新北市","鶯歌區","鶯南里",1
"1115","臺北縣三重市","0","谷王里",1
"1116","臺北縣三重市","0","龍濱里",1
"1117","臺北市","士林區","東山里",10
"1118","臺北市","士林區","福安里",1
"1119","臺北市","士林區","福林里",21
"1120","臺北市","士林區","福德里",1
"1121","臺北市","士林區","公館里",4
"1122","臺北市","士林區","陽明里",37
"1123","臺北市","士林區","仁勇里",275
"1124","臺北市","士林區","天母里",2
"1125","臺北市","士林區","天玉里",104
"1126","臺北市","士林區","天祿里",248
"1127","臺北市","士林區","天壽里",351
"1128","臺北市","士林區","天福里",228
"1129","臺北市","士林區","平等里",54
"1130","臺北市","士林區","永倫里",1
"1131","臺北市","士林區","岩山里",92
"1132","臺北市","士林區","明勝里",62
"1133","臺北市","士林區","社子里",184
"1134","臺北市","士林區","社新里",100
"1135","臺北市","士林區","芝山里",1
"1136","臺北市","士林區","前港里",412
"1137","臺北市","士林區","富洲里",326
"1138","臺北市","士林區","溪山里",18
"1139","臺北市","士林區","義信里",160
"1140","臺北市","士林區","聖山里",294
"1141","臺北市","士林區","葫東里",59
"1142","臺北市","士林區","葫蘆里",242
"1143","臺北市","士林區","福中里",260
"1144","臺北市","士林區","福志里",39
"1145","臺北市","士林區","福佳里",118
"1146","臺北市","士林區","福順里",233
"1147","臺北市","士林區","翠山里",7
"1148","臺北市","士林區","德行里",656
"1149","臺北市","士林區","臨溪里",8
"1150","臺北市","士林區","舊佳里",386
"1151","臺北市","士林區","蘭雅里",315
"1152","臺北市","士林區","蘭興里",73
"1153","臺北市","士林區","菁山里",1
"1154","臺北市","大同區","大有里",227
"1155","臺北市","大同區","民權里",218
"1156","臺北市","大同區","永樂里",98
"1157","臺北市","大同區","保安里",32
"1158","臺北市","大同區","重慶里",71
"1159","臺北市","大同區","延平里",209
"1160","臺北市","大同區","朝陽里",1
"1161","臺北市","大同區","玉泉里",13
"1162","臺北市","大同區","光能里",61
"1163","臺北市","大同區","老師里",506
"1164","臺北市","大同區","至聖里",414
"1165","臺北市","大同區","南芳里",81
"1166","臺北市","大同區","建功里",626
"1167","臺北市","大同區","建明里",110
"1168","臺北市","大同區","建泰里",1
"1169","臺北市","大同區","星明里",119
"1170","臺北市","大同區","國慶里",574
"1171","臺北市","大同區","斯文里",115
"1172","臺北市","大同區","隆和里",15
"1173","臺北市","大同區","蓬萊里",201
"1174","臺北市","大同區","雙連里",200
"1175","臺北市","大安區","民輝里",249
"1176","臺北市","大安區","光明里",70
"1177","臺北市","大安區","建安里",2
"1178","臺北市","大安區","德安里",79
"1179","臺北市","大安區","錦安里",39
"1180","臺北市","大安區","龍安里",9
"1181","臺北市","大安區","仁慈里",1
"1182","臺北市","大安區","古風里",96
"1183","臺北市","大安區","古莊里",442
"1184","臺北市","大安區","光武里",1132
"1185","臺北市","大安區","光信里",500
"1186","臺北市","大安區","車層里",3
"1187","臺北市","大安區","臥龍里",1
"1188","臺北市","大安區","芳和里",187
"1189","臺北市","大安區","虎嘯里",908
"1190","臺北市","大安區","通化里",1402
"1191","臺北市","大安區","通安里",569
"1192","臺北市","大安區","華聲里",441
"1193","臺北市","大安區","新龍里",14
"1194","臺北市","大安區","群賢里",197
"1195","臺北市","大安區","義安里",84
"1196","臺北市","大安區","義村里",1872
"1197","臺北市","大安區","誠安里",55
"1198","臺北市","大安區","福住里",152
"1199","臺北市","大安區","黎和里",750
"1200","臺北市","大安區","錦泰里",125
"1201","臺北市","大安區","龍生里",221
"1202","臺北市","大安區","龍坡里",41
"1203","臺北市","大安區","龍泉里",56
"1204","臺北市","大安區","龍圖里",120
"1205","臺北市","大安區","臨江里",2
"1206","臺北市","中山區","中山里",628
"1207","臺北市","中山區","中原里",521
"1208","臺北市","中山區","正義里",952
"1209","臺北市","中山區","民安里",32
"1210","臺北市","中山區","成功里",80
"1211","臺北市","中山區","恆安里",630
"1212","臺北市","中山區","新生里",2
"1213","臺北市","中山區","力行里",1035
"1214","臺北市","中山區","新庄里",150
"1215","臺北市","中山區","里",1
"1216","臺北市","中山區","下埤里",224
"1217","臺北市","中山區","大佳里",6
"1218","臺北市","中山區","大直里",320
"1219","臺北市","中山區","中吉里",896
"1220","臺北市","中山區","中庄里",421
"1221","臺北市","中山區","正得里",1
"1222","臺北市","中山區","朱園里",137
"1223","臺北市","中山區","朱馥里",250
"1224","臺北市","中山區","行仁里",42
"1225","臺北市","中山區","行孝里",268
"1226","臺北市","中山區","松江里",2
"1227","臺北市","中山區","金泰里",26
"1228","臺北市","中山區","埤頭里",163
"1229","臺北市","中山區","復華里",868
"1230","臺北市","中山區","晴光里",461
"1231","臺北市","中山區","集英里",1441
"1232","臺北市","中山區","聚盛里",1
"1233","臺北市","中山區","聚葉里",414
"1234","臺北市","中山區","劍潭里",1
"1235","臺北市","中山區","興亞里",436
"1236","臺北市","中正區","水源里",2
"1237","臺北市","中正區","永昌里",18
"1238","臺北市","中正區","光復里",662
"1239","臺北市","中正區","幸福里",281
"1240","臺北市","中正區","河堤里",60
"1241","臺北市","中正區","建國里",350
"1242","臺北市","中正區","網溪里",301
"1243","臺北市","中正區","黎明里",381
"1244","臺北市","中正區","龍興里",136
"1245","臺北市","中正區","三愛里",113
"1246","臺北市","中正區","文北里",91
"1247","臺北市","中正區","文盛里",10
"1248","臺北市","中正區","文祥里",78
"1249","臺北市","中正區","永功里",19
"1250","臺北市","中正區","幸市里",129
"1251","臺北市","中正區","東門里",50
"1252","臺北市","中正區","林興里",25
"1253","臺北市","中正區","南門里",12
"1254","臺北市","中正區","南福里",283
"1255","臺北市","中正區","梅花里",103
"1256","臺北市","中正區","頂東里",640
"1257","臺北市","中正區","富水里",9
"1258","臺北市","中正區","廈安里",321
"1259","臺北市","中正區","新營里",86
"1260","臺北市","中正區","龍光里",147
"1261","臺北市","內湖區","大湖里",12
"1262","臺北市","內湖區","東湖里",364
"1263","臺北市","內湖區","金龍里",124
"1264","臺北市","內湖區","西安里",1
"1265","臺北市","內湖區","五分里",39
"1266","臺北市","內湖區","內湖里",2
"1267","臺北市","內湖區","石潭里",42
"1268","臺北市","內湖區","安泰里",19
"1269","臺北市","內湖區","行善里",84
"1270","臺北市","內湖區","西康里",27
"1271","臺北市","內湖區","西湖里",54
"1272","臺北市","內湖區","秀湖里",8
"1273","臺北市","內湖區","明湖里",241
"1274","臺北市","內湖區","清白里",56
"1275","臺北市","內湖區","港富里",58
"1276","臺北市","內湖區","港華里",234
"1277","臺北市","內湖區","港墘里",115
"1278","臺北市","內湖區","湖元里",24
"1279","臺北市","內湖區","湖濱里",576
"1280","臺北市","內湖區","紫星里",67
"1281","臺北市","內湖區","紫陽里",191
"1282","臺北市","內湖區","週美里",2
"1283","臺北市","內湖區","寶湖里",750
"1284","臺北市","內湖區","蘆洲里",4
"1285","臺北市","文山區","木柵里",62
"1286","臺北市","文山區","木新里",3
"1287","臺北市","文山區","老泉里",2
"1288","臺北市","文山區","忠順里",82
"1289","臺北市","文山區","明義里",268
"1290","臺北市","文山區","指南里",85
"1291","臺北市","文山區","政大里",9
"1292","臺北市","文山區","博嘉里",17
"1293","臺北市","文山區","景仁里",375
"1294","臺北市","文山區","景行里",88
"1295","臺北市","文山區","景東里",132
"1296","臺北市","文山區","景華里",67
"1297","臺北市","文山區","景慶里",14
"1298","臺北市","文山區","萬年里",16
"1299","臺北市","文山區","萬有里",7
"1300","臺北市","文山區","萬和里",3
"1301","臺北市","文山區","萬芳里",5
"1302","臺北市","文山區","萬美里",4
"1303","臺北市","文山區","萬盛里",24
"1304","臺北市","文山區","萬興里",55
"1305","臺北市","文山區","試院里",30
"1306","臺北市","文山區","樟新里",23
"1307","臺北市","文山區","樟腳里",293
"1308","臺北市","文山區","興光里",16
"1309","臺北市","文山區","興安里",117
"1310","臺北市","文山區","興邦里",515
"1311","臺北市","文山區","興旺里",44
"1312","臺北市","文山區","興家里",1
"1313","臺北市","文山區","興泰里",106
"1314","臺北市","文山區","興得里",1
"1315","臺北市","文山區","興業里",1
"1316","臺北市","文山區","樟林里",4
"1317","臺北市","文山區","興豐里",2
"1318","臺北市","北投區","大同里",45
"1319","臺北市","北投區","中央里",65
"1320","臺北市","北投區","文林里",163
"1321","臺北市","北投區","吉慶里",38
"1322","臺北市","北投區","秀山里",1
"1323","臺北市","北投區","長安里",195
"1324","臺北市","北投區","裕民里",143
"1325","臺北市","北投區","一德里",273
"1326","臺北市","北投區","八仙里",170
"1327","臺北市","北投區","中心里",169
"1328","臺北市","北投區","中庸里",9
"1329","臺北市","北投區","永和里",21
"1330","臺北市","北投區","永欣里",193
"1331","臺北市","北投區","石牌里",61
"1332","臺北市","北投區","立農里",105
"1333","臺北市","北投區","立賢里",5
"1334","臺北市","北投區","奇岩里",75
"1335","臺北市","北投區","東華里",6
"1336","臺北市","北投區","林泉里",10
"1337","臺北市","北投區","建民里",150
"1338","臺北市","北投區","泉源里",18
"1339","臺北市","北投區","洲美里",5
"1340","臺北市","北投區","振華里",15
"1341","臺北市","北投區","桃源里",9
"1342","臺北市","北投區","清江里",88
"1343","臺北市","北投區","尊賢里",64
"1344","臺北市","北投區","智仁里",2
"1345","臺北市","北投區","湖山里",7
"1346","臺北市","北投區","湖田里",14
"1347","臺北市","北投區","開明里",64
"1348","臺北市","北投區","溫泉里",5
"1349","臺北市","北投區","榮華里",4
"1350","臺北市","北投區","稻香里",20
"1351","臺北市","北投區","關渡里",86
"1352","臺北市","松山區","中正里",457
"1353","臺北市","松山區","安平里",1351
"1354","臺北市","松山區","慈祐里",1368
"1355","臺北市","松山區","莊敬里",99
"1356","臺北市","松山區","新東里",70
"1357","臺北市","松山區","中崙里",1
"1358","臺北市","松山區","民福里",171
"1359","臺北市","松山區","吉仁里",98
"1360","臺北市","松山區","吉祥里",179
"1361","臺北市","松山區","東昌里",587
"1362","臺北市","松山區","東榮里",40
"1363","臺北市","松山區","松基里",127
"1364","臺北市","松山區","美仁里",55
"1365","臺北市","松山區","富泰里",1
"1366","臺北市","松山區","復建里",166
"1367","臺北市","松山區","復勢里",1
"1368","臺北市","松山區","敦化里",39
"1369","臺北市","松山區","新益里",92
"1370","臺北市","松山區","新聚里",1
"1371","臺北市","松山區","鵬程里",204
"1372","臺北市","信義區","五常里",1
"1373","臺北市","信義區","六合里",3
"1374","臺北市","信義區","景新里",609
"1375","臺北市","信義區","嘉興里",82
"1376","臺北市","信義區","大仁里",69
"1377","臺北市","信義區","大道里",99
"1378","臺北市","信義區","中坡里",171
"1379","臺北市","信義區","四育里",155
"1380","臺北市","信義區","正和里",29
"1381","臺北市","信義區","安康里",622
"1382","臺北市","信義區","西村里",14
"1383","臺北市","信義區","松光里",1
"1384","臺北市","信義區","長春里",1
"1385","臺北市","信義區","泰和里",644
"1386","臺北市","信義區","富台里",443
"1387","臺北市","信義區","敦厚里",532
"1388","臺北市","信義區","雅祥里",575
"1389","臺北市","信義區","新仁里",202
"1390","臺北市","信義區","黎平里",65
"1391","臺北市","信義區","黎安里",135
"1392","臺北市","信義區","黎忠里",1
"1393","臺北市","信義區","黎順里",104
"1394","臺北市","信義區","興隆里",57
"1395","臺北市","信義區","興雅里",666
"1396","臺北市","南港區","九如里",1
"1397","臺北市","南港區","成福里",105
"1398","臺北市","南港區","南港里",133
"1399","臺北市","南港區","重陽里",12
"1400","臺北市","南港區","萬福里",233
"1401","臺北市","南港區","百福里",92
"1402","臺北市","南港區","三重里",129
"1403","臺北市","南港區","中南里",17
"1404","臺北市","南港區","中研里",109
"1405","臺北市","南港區","玉成里",29
"1406","臺北市","南港區","合成里",64
"1407","臺北市","南港區","西新里",11
"1408","臺北市","南港區","東明里",159
"1409","臺北市","南港區","東新里",20
"1410","臺北市","南港區","新光里",65
"1411","臺北市","南港區","聯成里",1
"1412","臺北市","南港區","舊莊里",49
"1413","臺北市","萬華區","仁德里",890
"1414","臺北市","萬華區","和平里",69
"1415","臺北市","萬華區","青山里",321
"1416","臺北市","萬華區","新和里",261
"1417","臺北市","萬華區","福星里",324
"1418","臺北市","萬華區","雙園里",54
"1419","臺北市","萬華區","富民里",104
"1420","臺北市","萬華區","日祥里",68
"1421","臺北市","萬華區","日善里",31
"1422","臺北市","萬華區","全德里",534
"1423","臺北市","萬華區","西門里",338
"1424","臺北市","萬華區","和德里",485
"1425","臺北市","萬華區","忠德里",190
"1426","臺北市","萬華區","保德里",61
"1427","臺北市","萬華區","菜園里",284
"1428","臺北市","萬華區","新忠里",139
"1429","臺北市","萬華區","新起里",861
"1430","臺北市","萬華區","榮德里",38
"1431","臺北市","萬華區","福音里",747
"1432","臺北市","萬華區","糖<U+5ECD>里",93
"1433","臺北市","萬華區","錦德里",146
